Name,Type,HP,Attack,Defense,Sp. Atk,Sp. Def,Speed,Height (in),Weight (lbs),Total Stats
Bulbasaur,"['grass', 'poison']",45,49,49,65,65,45,27.56,15.21,273
Ivysaur,"['grass', 'poison']",60,62,63,80,80,60,39.37,28.66,345
Venusaur,"['grass', 'poison']",80,82,83,100,100,80,78.74,220.46,445
Charmander,['fire'],39,52,43,60,50,65,23.62,18.74,270
Charmeleon,['fire'],58,64,58,80,65,80,43.31,41.89,347
Charizard,"['fire', 'flying']",78,84,78,109,85,100,66.93,199.52,456
Squirtle,['water'],44,48,65,50,64,43,19.69,19.84,270
Wartortle,['water'],59,63,80,65,80,58,39.37,49.6,346
Blastoise,['water'],79,83,100,85,105,78,62.99,188.5,451
Caterpie,['bug'],45,30,35,20,20,45,11.81,6.39,150
Metapod,['bug'],50,20,55,25,25,30,27.56,21.83,155
Butterfree,"['bug', 'flying']",60,45,50,90,80,70,43.31,70.55,335
Weedle,"['bug', 'poison']",40,35,30,20,20,50,11.81,7.05,155
Kakuna,"['bug', 'poison']",45,25,50,25,25,35,23.62,22.05,160
Beedrill,"['bug', 'poison']",65,90,40,45,80,75,39.37,65.04,330
Pidgey,"['normal', 'flying']",40,45,40,35,35,56,11.81,3.97,211
Pidgeotto,"['normal', 'flying']",63,60,55,50,50,71,43.31,66.14,286
Pidgeot,"['normal', 'flying']",83,80,75,70,70,101,59.06,87.08,396
Rattata,['normal'],30,56,35,25,35,72,11.81,7.72,223
Raticate,['normal'],55,81,60,50,70,97,27.56,40.79,358
Spearow,"['normal', 'flying']",40,60,30,31,31,70,11.81,4.41,222
Fearow,"['normal', 'flying']",65,90,65,61,61,100,47.24,83.78,377
Ekans,['poison'],35,60,44,40,54,55,78.74,15.21,253
Arbok,['poison'],60,95,69,65,79,80,137.8,143.3,388
Pikachu,['electric'],35,55,40,50,50,90,15.75,13.23,285
Raichu,['electric'],60,90,55,90,80,110,31.5,66.14,425
Sandshrew,['ground'],50,75,85,20,30,40,23.62,26.46,250
Sandslash,['ground'],75,100,110,45,55,65,39.37,65.04,375
Nidoran-f,['poison'],55,47,52,40,40,41,15.75,15.43,220
Nidorina,['poison'],70,62,67,55,55,56,31.5,44.09,295
Nidoqueen,"['poison', 'ground']",90,92,87,75,85,76,51.18,132.28,415
Nidoran-m,['poison'],46,57,40,40,40,50,19.69,19.84,227
Nidorino,['poison'],61,72,57,55,55,65,35.43,42.99,304
Nidoking,"['poison', 'ground']",81,102,77,85,75,85,55.12,136.69,424
Clefairy,['fairy'],70,45,48,60,65,35,23.62,16.53,253
Clefable,['fairy'],95,70,73,95,90,60,51.18,88.18,388
Vulpix,['fire'],38,41,40,50,65,65,23.62,21.83,261
Ninetales,['fire'],73,76,75,81,100,100,43.31,43.87,432
Jigglypuff,"['normal', 'fairy']",115,45,20,45,25,20,19.69,12.13,155
Wigglytuff,"['normal', 'fairy']",140,70,45,85,50,45,39.37,26.46,295
Zubat,"['poison', 'flying']",40,45,35,30,40,55,31.5,16.53,205
Golbat,"['poison', 'flying']",75,80,70,65,75,90,62.99,121.25,380
Oddish,"['grass', 'poison']",45,50,55,75,65,30,19.69,11.9,275
Gloom,"['grass', 'poison']",60,65,70,85,75,40,31.5,18.96,335
Vileplume,"['grass', 'poison']",75,80,85,110,90,50,47.24,41.01,415
Paras,"['bug', 'grass']",35,70,55,45,55,25,11.81,11.9,250
Parasect,"['bug', 'grass']",60,95,80,60,80,30,39.37,65.04,345
Venonat,"['bug', 'poison']",60,55,50,40,55,45,39.37,66.14,245
Venomoth,"['bug', 'poison']",70,65,60,90,75,90,59.06,27.56,380
Diglett,['ground'],10,55,25,35,45,95,7.87,1.76,255
Dugtrio,['ground'],35,100,50,50,70,120,27.56,73.41,390
Meowth,['normal'],40,45,35,40,40,90,15.75,9.26,250
Persian,['normal'],65,70,60,65,65,115,39.37,70.55,375
Psyduck,['water'],50,52,48,65,50,55,31.5,43.21,270
Golduck,['water'],80,82,78,95,80,85,66.93,168.87,420
Mankey,['fighting'],40,80,35,35,45,70,19.69,61.73,265
Primeape,['fighting'],65,105,60,60,70,95,39.37,70.55,390
Growlithe,['fire'],55,70,45,70,50,60,27.56,41.89,295
Arcanine,['fire'],90,110,80,100,80,95,74.8,341.72,465
Poliwag,['water'],40,50,40,40,40,90,23.62,27.34,260
Poliwhirl,['water'],65,65,65,50,50,90,39.37,44.09,320
Poliwrath,"['water', 'fighting']",90,95,95,70,90,70,51.18,119.05,420
Abra,['psychic'],25,20,15,105,55,90,35.43,42.99,285
Kadabra,['psychic'],40,35,30,120,70,105,51.18,124.56,360
Alakazam,['psychic'],55,50,45,135,95,120,59.06,105.82,445
Machop,['fighting'],70,80,50,35,35,35,31.5,42.99,235
Machoke,['fighting'],80,100,70,50,60,45,59.06,155.43,325
Machamp,['fighting'],90,130,80,65,85,55,62.99,286.6,415
Bellsprout,"['grass', 'poison']",50,75,35,70,30,40,27.56,8.82,250
Weepinbell,"['grass', 'poison']",65,90,50,85,45,55,39.37,14.11,325
Victreebel,"['grass', 'poison']",80,105,65,100,70,70,66.93,34.17,410
Tentacool,"['water', 'poison']",40,40,35,50,100,70,35.43,100.31,295
Tentacruel,"['water', 'poison']",80,70,65,80,120,100,62.99,121.25,435
Geodude,"['rock', 'ground']",40,80,100,30,30,20,15.75,44.09,260
Graveler,"['rock', 'ground']",55,95,115,45,45,35,39.37,231.49,335
Golem,"['rock', 'ground']",80,120,130,55,65,45,55.12,661.39,415
Ponyta,['fire'],50,85,55,65,65,90,39.37,66.14,360
Rapidash,['fire'],65,100,70,80,80,105,66.93,209.44,435
Slowpoke,"['water', 'psychic']",90,65,65,40,40,15,47.24,79.37,225
Slowbro,"['water', 'psychic']",95,75,110,100,80,30,62.99,173.06,395
Magnemite,"['electric', 'steel']",25,35,70,95,55,45,11.81,13.23,300
Magneton,"['electric', 'steel']",50,60,95,120,70,70,39.37,132.28,415
Farfetchd,"['normal', 'flying']",52,90,55,58,62,60,31.5,33.07,325
Doduo,"['normal', 'flying']",35,85,45,35,35,75,55.12,86.42,275
Dodrio,"['normal', 'flying']",60,110,70,60,60,110,70.87,187.83,410
Seel,['water'],65,45,55,45,70,45,43.31,198.42,260
Dewgong,"['water', 'ice']",90,70,80,70,95,70,66.93,264.55,385
Grimer,['poison'],80,80,50,40,50,25,35.43,66.14,245
Muk,['poison'],105,105,75,65,100,50,47.24,66.14,395
Shellder,['water'],30,65,100,45,25,40,11.81,8.82,275
Cloyster,"['water', 'ice']",50,95,180,85,45,70,59.06,292.11,475
Gastly,"['ghost', 'poison']",30,35,30,100,35,80,51.18,0.22,280
Haunter,"['ghost', 'poison']",45,50,45,115,55,95,62.99,0.22,360
Gengar,"['ghost', 'poison']",60,65,60,130,75,110,59.06,89.29,440
Onix,"['rock', 'ground']",35,45,160,30,45,70,346.46,462.97,350
Drowzee,['psychic'],60,48,45,43,90,42,39.37,71.43,268
Hypno,['psychic'],85,73,70,73,115,67,62.99,166.67,398
Krabby,['water'],30,105,90,25,25,50,15.75,14.33,295
Kingler,['water'],55,130,115,50,50,75,51.18,132.28,420
Voltorb,['electric'],40,30,50,55,55,100,19.69,22.93,290
Electrode,['electric'],60,50,70,80,80,150,47.24,146.83,430
Exeggcute,"['grass', 'psychic']",60,40,80,60,45,40,15.75,5.51,265
Exeggutor,"['grass', 'psychic']",95,95,85,125,75,55,78.74,264.55,435
Cubone,['ground'],50,50,95,40,50,35,15.75,14.33,270
Marowak,['ground'],60,80,110,50,80,45,39.37,99.21,365
Hitmonlee,['fighting'],50,120,53,35,110,87,59.06,109.79,405
Hitmonchan,['fighting'],50,105,79,35,110,76,55.12,110.67,405
Lickitung,['normal'],90,55,75,60,75,30,47.24,144.4,295
Koffing,['poison'],40,65,95,60,45,35,23.62,2.2,300
Weezing,['poison'],65,90,120,85,70,60,47.24,20.94,425
Rhyhorn,"['ground', 'rock']",80,85,95,30,30,25,39.37,253.53,265
Rhydon,"['ground', 'rock']",105,130,120,45,45,40,74.8,264.55,380
Chansey,['normal'],250,5,5,35,105,50,43.31,76.28,200
Tangela,['grass'],65,55,115,100,40,60,39.37,77.16,370
Kangaskhan,['normal'],105,95,80,40,80,90,86.61,176.37,385
Horsea,['water'],30,40,70,70,25,60,15.75,17.64,265
Seadra,['water'],55,65,95,95,45,85,47.24,55.12,385
Goldeen,['water'],45,67,60,35,50,63,23.62,33.07,275
Seaking,['water'],80,92,65,65,80,68,51.18,85.98,370
Staryu,['water'],30,45,55,70,55,85,31.5,76.06,310
Starmie,"['water', 'psychic']",60,75,85,100,85,115,43.31,176.37,460
Mr-mime,"['psychic', 'fairy']",40,45,65,100,120,90,51.18,120.15,420
Scyther,"['bug', 'flying']",70,110,80,55,80,105,59.06,123.46,430
Jynx,"['ice', 'psychic']",65,50,35,115,95,95,55.12,89.51,390
Electabuzz,['electric'],65,83,57,95,85,105,43.31,66.14,425
Magmar,['fire'],65,95,57,100,85,93,51.18,98.11,430
Pinsir,['bug'],65,125,100,55,70,85,59.06,121.25,435
Tauros,['normal'],75,100,95,40,70,110,55.12,194.89,415
Magikarp,['water'],20,10,55,15,20,80,35.43,22.05,180
Gyarados,"['water', 'flying']",95,125,79,60,100,81,255.91,518.09,445
Lapras,"['water', 'ice']",130,85,80,85,95,60,98.43,485.02,405
Ditto,['normal'],48,48,48,48,48,48,11.81,8.82,240
Eevee,['normal'],55,55,50,45,65,55,11.81,14.33,270
Vaporeon,['water'],130,65,60,110,95,65,39.37,63.93,395
Jolteon,['electric'],65,65,60,110,95,130,31.5,54.01,460
Flareon,['fire'],65,130,60,95,110,65,35.43,55.12,460
Porygon,['normal'],65,60,70,85,75,40,31.5,80.47,330
Omanyte,"['rock', 'water']",35,40,100,90,55,35,15.75,16.53,320
Omastar,"['rock', 'water']",70,60,125,115,70,55,39.37,77.16,425
Kabuto,"['rock', 'water']",30,80,90,55,45,55,19.69,25.35,325
Kabutops,"['rock', 'water']",60,115,105,65,70,80,51.18,89.29,435
Aerodactyl,"['rock', 'flying']",80,105,65,60,75,130,70.87,130.07,435
Snorlax,['normal'],160,110,65,65,110,30,82.68,1014.13,380
Articuno,"['ice', 'flying']",90,85,100,95,125,85,66.93,122.14,490
Zapdos,"['electric', 'flying']",90,90,85,125,90,100,62.99,115.96,490
Moltres,"['fire', 'flying']",90,100,90,125,85,90,78.74,132.28,490
Dratini,['dragon'],41,64,45,50,50,50,70.87,7.28,259
Dragonair,['dragon'],61,84,65,70,70,70,157.48,36.38,359
Dragonite,"['dragon', 'flying']",91,134,95,100,100,80,86.61,462.97,509
Mewtwo,['psychic'],106,110,90,154,90,130,78.74,268.96,574
Mew,['psychic'],100,100,100,100,100,100,15.75,8.82,500
Chikorita,['grass'],45,49,65,49,65,45,35.43,14.11,273
Bayleef,['grass'],60,62,80,63,80,60,47.24,34.83,345
Meganium,['grass'],80,82,100,83,100,80,70.87,221.56,445
Cyndaquil,['fire'],39,52,43,60,50,65,19.69,17.42,270
Quilava,['fire'],58,64,58,80,65,80,35.43,41.89,347
Typhlosion,['fire'],78,84,78,109,85,100,66.93,175.27,456
Totodile,['water'],50,65,64,44,48,43,23.62,20.94,264
Croconaw,['water'],65,80,80,59,63,58,43.31,55.12,340
Feraligatr,['water'],85,105,100,79,83,78,90.55,195.77,445
Sentret,['normal'],35,46,34,35,45,20,31.5,13.23,180
Furret,['normal'],85,76,64,45,55,90,70.87,71.65,330
Hoothoot,"['normal', 'flying']",60,30,30,36,56,50,27.56,46.74,202
Noctowl,"['normal', 'flying']",100,50,50,86,96,70,62.99,89.95,352
Ledyba,"['bug', 'flying']",40,20,30,40,80,55,39.37,23.81,225
Ledian,"['bug', 'flying']",55,35,50,55,110,85,55.12,78.48,335
Spinarak,"['bug', 'poison']",40,60,40,40,40,30,19.69,18.74,210
Ariados,"['bug', 'poison']",70,90,70,60,70,40,43.31,73.85,330
Crobat,"['poison', 'flying']",85,90,80,70,80,130,70.87,165.35,450
Chinchou,"['water', 'electric']",75,38,38,56,56,67,19.69,26.46,255
Lanturn,"['water', 'electric']",125,58,58,76,76,67,47.24,49.6,335
Pichu,['electric'],20,40,15,35,35,60,11.81,4.41,185
Cleffa,['fairy'],50,25,28,45,55,15,11.81,6.61,168
Igglybuff,"['normal', 'fairy']",90,30,15,40,20,15,11.81,2.2,120
Togepi,['fairy'],35,20,65,40,65,20,11.81,3.31,210
Togetic,"['fairy', 'flying']",55,40,85,80,105,40,23.62,7.05,350
Natu,"['psychic', 'flying']",40,50,45,70,45,70,7.87,4.41,280
Xatu,"['psychic', 'flying']",65,75,70,95,70,95,59.06,33.07,405
Mareep,['electric'],55,40,40,65,45,35,23.62,17.2,225
Flaaffy,['electric'],70,55,55,80,60,45,31.5,29.32,295
Ampharos,['electric'],90,75,85,115,90,55,55.12,135.58,420
Bellossom,['grass'],75,80,95,90,100,50,15.75,12.79,415
Marill,"['water', 'fairy']",70,20,50,20,50,40,15.75,18.74,180
Azumarill,"['water', 'fairy']",100,50,80,60,80,50,31.5,62.83,320
Sudowoodo,['rock'],70,100,115,30,65,30,47.24,83.78,340
Politoed,['water'],90,75,75,90,100,70,43.31,74.74,410
Hoppip,"['grass', 'flying']",35,35,40,35,55,50,15.75,1.1,215
Skiploom,"['grass', 'flying']",55,45,50,45,65,80,23.62,2.2,285
Jumpluff,"['grass', 'flying']",75,55,70,55,95,110,31.5,6.61,385
Aipom,['normal'],55,70,55,40,55,85,31.5,25.35,305
Sunkern,['grass'],30,30,30,30,30,30,11.81,3.97,150
Sunflora,['grass'],75,75,55,105,85,30,31.5,18.74,350
Yanma,"['bug', 'flying']",65,65,45,75,45,95,47.24,83.78,325
Wooper,"['water', 'ground']",55,45,45,25,25,15,15.75,18.74,155
Quagsire,"['water', 'ground']",95,85,85,65,65,35,55.12,165.35,335
Espeon,['psychic'],65,65,60,130,95,110,35.43,58.42,460
Umbreon,['dark'],95,65,110,60,130,65,39.37,59.52,430
Murkrow,"['dark', 'flying']",60,85,42,85,42,91,19.69,4.63,345
Slowking,"['water', 'psychic']",95,75,80,100,110,30,78.74,175.27,395
Misdreavus,['ghost'],60,60,60,85,85,85,27.56,2.2,375
Unown,['psychic'],48,72,48,72,48,48,19.69,11.02,288
Wobbuffet,['psychic'],190,33,58,33,58,33,51.18,62.83,215
Girafarig,"['normal', 'psychic']",70,80,65,90,65,85,59.06,91.49,385
Pineco,['bug'],50,65,90,35,35,15,23.62,15.87,240
Forretress,"['bug', 'steel']",75,90,140,60,60,40,47.24,277.34,390
Dunsparce,['normal'],100,70,70,65,65,45,59.06,30.86,315
Gligar,"['ground', 'flying']",65,75,105,35,65,85,43.31,142.86,365
Steelix,"['steel', 'ground']",75,85,200,55,65,30,362.2,881.85,435
Snubbull,['fairy'],60,80,50,40,40,30,23.62,17.2,240
Granbull,['fairy'],90,120,75,60,60,45,55.12,107.36,360
Qwilfish,"['water', 'poison']",65,95,85,55,55,85,19.69,8.6,375
Scizor,"['bug', 'steel']",70,130,100,55,80,65,70.87,260.15,430
Shuckle,"['bug', 'rock']",20,10,230,10,230,5,23.62,45.19,485
Heracross,"['bug', 'fighting']",80,125,75,40,95,85,59.06,119.05,420
Sneasel,"['dark', 'ice']",55,95,55,35,75,115,35.43,61.73,375
Teddiursa,['normal'],60,80,50,50,50,40,23.62,19.4,270
Ursaring,['normal'],90,130,75,75,75,55,70.87,277.34,410
Slugma,['fire'],40,40,40,70,40,20,27.56,77.16,210
Magcargo,"['fire', 'rock']",60,50,120,90,80,30,31.5,121.25,370
Swinub,"['ice', 'ground']",50,50,40,30,30,50,15.75,14.33,200
Piloswine,"['ice', 'ground']",100,100,80,60,60,50,43.31,123.02,350
Corsola,"['water', 'rock']",65,55,95,65,95,35,23.62,11.02,345
Remoraid,['water'],35,65,35,65,35,65,23.62,26.46,265
Octillery,['water'],75,105,75,105,75,45,35.43,62.83,405
Delibird,"['ice', 'flying']",45,55,45,65,45,75,35.43,35.27,285
Mantine,"['water', 'flying']",85,40,70,80,140,70,82.68,485.02,400
Skarmory,"['steel', 'flying']",65,80,140,40,70,70,66.93,111.33,400
Houndour,"['dark', 'fire']",45,60,30,80,50,65,23.62,23.81,285
Houndoom,"['dark', 'fire']",75,90,50,110,80,95,55.12,77.16,425
Kingdra,"['water', 'dragon']",75,95,95,95,95,85,70.87,335.1,465
Phanpy,['ground'],90,60,60,40,40,40,19.69,73.85,240
Donphan,['ground'],90,120,120,60,60,50,43.31,264.55,410
Porygon2,['normal'],85,80,90,105,95,60,23.62,71.65,430
Stantler,['normal'],73,95,62,85,65,85,55.12,156.97,392
Smeargle,['normal'],55,20,35,20,45,75,47.24,127.87,195
Tyrogue,['fighting'],35,35,35,35,35,35,27.56,46.3,175
Hitmontop,['fighting'],50,95,95,35,110,70,55.12,105.82,405
Smoochum,"['ice', 'psychic']",45,30,15,85,65,65,15.75,13.23,260
Elekid,['electric'],45,63,37,65,55,95,23.62,51.81,315
Magby,['fire'],45,75,37,70,55,83,27.56,47.18,320
Miltank,['normal'],95,80,105,40,70,100,47.24,166.45,395
Blissey,['normal'],255,10,10,75,135,55,59.06,103.18,285
Raikou,['electric'],90,85,75,115,100,115,74.8,392.42,490
Entei,['fire'],115,115,85,90,75,100,82.68,436.51,465
Suicune,['water'],100,75,115,90,115,85,78.74,412.26,480
Larvitar,"['rock', 'ground']",50,64,50,45,50,41,23.62,158.73,250
Pupitar,"['rock', 'ground']",70,84,70,65,70,51,47.24,335.1,340
Tyranitar,"['rock', 'dark']",100,134,110,95,100,61,78.74,445.33,500
Lugia,"['psychic', 'flying']",106,90,130,90,154,110,204.72,476.2,574
Ho-oh,"['fire', 'flying']",106,130,90,110,154,90,149.61,438.72,574
Celebi,"['psychic', 'grass']",100,100,100,100,100,100,23.62,11.02,500
Treecko,['grass'],40,45,35,65,55,70,19.69,11.02,270
Grovyle,['grass'],50,65,45,85,65,95,35.43,47.62,355
Sceptile,['grass'],70,85,65,105,85,120,66.93,115.08,460
Torchic,['fire'],45,60,40,70,50,45,15.75,5.51,265
Combusken,"['fire', 'fighting']",60,85,60,85,60,55,35.43,42.99,345
Blaziken,"['fire', 'fighting']",80,120,70,110,70,80,74.8,114.64,450
Mudkip,['water'],50,70,50,50,50,40,15.75,16.76,260
Marshtomp,"['water', 'ground']",70,85,70,60,70,50,27.56,61.73,335
Swampert,"['water', 'ground']",100,110,90,85,90,60,59.06,180.56,435
Poochyena,['dark'],35,55,35,30,30,35,19.69,29.98,185
Mightyena,['dark'],70,90,70,60,60,70,39.37,81.57,350
Zigzagoon,['normal'],38,30,41,30,41,60,15.75,38.58,202
Linoone,['normal'],78,70,61,50,61,100,19.69,71.65,342
Wurmple,['bug'],45,45,35,20,30,20,11.81,7.94,150
Silcoon,['bug'],50,35,55,25,25,15,23.62,22.05,155
Beautifly,"['bug', 'flying']",60,70,50,100,50,65,39.37,62.61,335
Cascoon,['bug'],50,35,55,25,25,15,27.56,25.35,155
Dustox,"['bug', 'poison']",60,50,70,50,90,65,47.24,69.67,325
Lotad,"['water', 'grass']",40,30,30,40,50,30,19.69,5.73,180
Lombre,"['water', 'grass']",60,50,50,60,70,50,47.24,71.65,280
Ludicolo,"['water', 'grass']",80,70,70,90,100,70,59.06,121.25,400
Seedot,['grass'],40,40,50,30,30,30,19.69,8.82,180
Nuzleaf,"['grass', 'dark']",70,70,40,60,40,60,39.37,61.73,270
Shiftry,"['grass', 'dark']",90,100,60,90,60,80,51.18,131.4,390
Taillow,"['normal', 'flying']",40,55,30,30,30,85,11.81,5.07,230
Swellow,"['normal', 'flying']",60,85,60,75,50,125,27.56,43.65,395
Wingull,"['water', 'flying']",40,30,30,55,30,85,23.62,20.94,230
Pelipper,"['water', 'flying']",60,50,100,95,70,65,47.24,61.73,380
Ralts,"['psychic', 'fairy']",28,25,25,45,35,40,15.75,14.55,170
Kirlia,"['psychic', 'fairy']",38,35,35,65,55,50,31.5,44.53,240
Gardevoir,"['psychic', 'fairy']",68,65,65,125,115,80,62.99,106.7,450
Surskit,"['bug', 'water']",40,30,32,50,52,65,19.69,3.75,229
Masquerain,"['bug', 'flying']",70,60,62,100,82,80,31.5,7.94,384
Shroomish,['grass'],60,40,60,40,60,35,15.75,9.92,235
Breloom,"['grass', 'fighting']",60,130,80,60,60,70,47.24,86.42,400
Slakoth,['normal'],60,60,60,35,35,30,31.5,52.91,220
Vigoroth,['normal'],80,80,80,55,55,90,55.12,102.51,360
Slaking,['normal'],150,160,100,95,65,100,78.74,287.7,520
Nincada,"['bug', 'ground']",31,45,90,30,30,40,19.69,12.13,235
Ninjask,"['bug', 'flying']",61,90,45,50,50,160,31.5,26.46,395
Shedinja,"['bug', 'ghost']",1,90,45,30,30,40,31.5,2.65,235
Whismur,['normal'],64,51,23,51,23,28,23.62,35.94,176
Loudred,['normal'],84,71,43,71,43,48,39.37,89.29,276
Exploud,['normal'],104,91,63,91,73,68,59.06,185.19,386
Makuhita,['fighting'],72,60,30,20,30,25,39.37,190.48,165
Hariyama,['fighting'],144,120,60,40,60,50,90.55,559.53,330
Azurill,"['normal', 'fairy']",50,20,40,20,40,20,7.87,4.41,140
Nosepass,['rock'],30,45,135,45,90,30,39.37,213.85,345
Skitty,['normal'],50,45,45,35,35,50,23.62,24.25,210
Delcatty,['normal'],70,65,65,55,55,90,43.31,71.87,330
Sableye,"['dark', 'ghost']",50,75,75,65,65,50,19.69,24.25,330
Mawile,"['steel', 'fairy']",50,85,85,55,55,50,23.62,25.35,330
Aron,"['steel', 'rock']",50,70,100,40,40,30,15.75,132.28,280
Lairon,"['steel', 'rock']",60,90,140,50,50,40,35.43,264.55,370
Aggron,"['steel', 'rock']",70,110,180,60,60,50,82.68,793.66,460
Meditite,"['fighting', 'psychic']",30,40,55,40,55,60,23.62,24.69,250
Medicham,"['fighting', 'psychic']",60,60,75,60,75,80,51.18,69.45,350
Electrike,['electric'],40,45,40,65,40,65,23.62,33.51,255
Manectric,['electric'],70,75,60,105,60,105,59.06,88.63,405
Plusle,['electric'],60,50,40,85,75,95,15.75,9.26,345
Minun,['electric'],60,40,50,75,85,95,15.75,9.26,345
Volbeat,['bug'],65,73,75,47,85,85,27.56,39.02,365
Illumise,['bug'],65,47,75,73,85,85,23.62,39.02,365
Roselia,"['grass', 'poison']",50,60,45,100,80,65,11.81,4.41,350
Gulpin,['poison'],70,43,53,43,53,40,15.75,22.71,232
Swalot,['poison'],100,73,83,73,83,55,66.93,176.37,367
Carvanha,"['water', 'dark']",45,90,20,65,20,65,31.5,45.86,260
Sharpedo,"['water', 'dark']",70,120,40,95,40,95,70.87,195.77,390
Wailmer,['water'],130,70,35,70,35,60,78.74,286.6,270
Wailord,['water'],170,90,45,90,45,60,570.87,877.44,330
Numel,"['fire', 'ground']",60,60,40,65,45,35,27.56,52.91,245
Camerupt,"['fire', 'ground']",70,100,70,105,75,40,74.8,485.02,390
Torkoal,['fire'],70,85,140,85,70,20,19.69,177.25,400
Spoink,['psychic'],60,25,35,70,80,60,27.56,67.46,270
Grumpig,['psychic'],80,45,65,90,110,80,35.43,157.63,390
Spinda,['normal'],60,60,60,60,60,60,43.31,11.02,300
Trapinch,['ground'],45,100,45,45,45,10,27.56,33.07,245
Vibrava,"['ground', 'dragon']",50,70,50,50,50,70,43.31,33.73,290
Flygon,"['ground', 'dragon']",80,100,80,80,80,100,78.74,180.78,440
Cacnea,['grass'],50,85,40,85,40,35,15.75,113.1,285
Cacturne,"['grass', 'dark']",70,115,60,115,60,55,51.18,170.64,405
Swablu,"['normal', 'flying']",45,40,60,40,75,50,15.75,2.65,265
Altaria,"['dragon', 'flying']",75,70,90,70,105,80,43.31,45.42,415
Zangoose,['normal'],73,115,60,60,60,90,51.18,88.85,385
Seviper,['poison'],73,100,60,100,60,65,106.3,115.74,385
Lunatone,"['rock', 'psychic']",90,55,65,95,85,70,39.37,370.38,370
Solrock,"['rock', 'psychic']",90,95,85,55,65,70,47.24,339.51,370
Barboach,"['water', 'ground']",50,48,43,46,41,60,15.75,4.19,238
Whiscash,"['water', 'ground']",110,78,73,76,71,60,35.43,52.03,358
Corphish,['water'],43,80,65,50,35,35,23.62,25.35,265
Crawdaunt,"['water', 'dark']",63,120,85,90,55,55,43.31,72.31,405
Baltoy,"['ground', 'psychic']",40,40,55,40,70,55,19.69,47.4,260
Claydol,"['ground', 'psychic']",60,70,105,70,120,75,59.06,238.1,440
Lileep,"['rock', 'grass']",66,41,77,61,87,23,39.37,52.47,289
Cradily,"['rock', 'grass']",86,81,97,81,107,43,59.06,133.16,409
Anorith,"['rock', 'bug']",45,95,50,40,50,75,27.56,27.56,310
Armaldo,"['rock', 'bug']",75,125,100,70,80,45,59.06,150.36,420
Feebas,['water'],20,15,20,10,55,80,23.62,16.31,180
Milotic,['water'],95,60,79,100,125,81,244.09,357.15,445
Castform,['normal'],70,70,70,70,70,70,11.81,1.76,350
Kecleon,['normal'],60,90,70,60,120,40,39.37,48.5,380
Shuppet,['ghost'],44,75,35,63,33,45,23.62,5.07,251
Banette,['ghost'],64,115,65,83,63,65,43.31,27.56,391
Duskull,['ghost'],20,40,90,30,90,25,31.5,33.07,275
Dusclops,['ghost'],40,70,130,60,130,25,62.99,67.46,415
Tropius,"['grass', 'flying']",99,68,83,72,87,51,78.74,220.46,361
Chimecho,['psychic'],75,50,80,95,90,65,23.62,2.2,380
Absol,['dark'],65,130,60,75,60,75,47.24,103.62,400
Wynaut,['psychic'],95,23,48,23,48,23,23.62,30.86,165
Snorunt,['ice'],50,50,50,50,50,50,27.56,37.04,250
Glalie,['ice'],80,80,80,80,80,80,59.06,565.49,400
Spheal,"['ice', 'water']",70,40,50,55,50,25,31.5,87.08,220
Sealeo,"['ice', 'water']",90,60,70,75,70,45,43.31,193.12,320
Walrein,"['ice', 'water']",110,80,90,95,90,65,55.12,332.02,420
Clamperl,['water'],35,64,85,74,55,32,15.75,115.74,310
Huntail,['water'],55,104,105,94,75,52,66.93,59.52,430
Gorebyss,['water'],55,84,105,114,75,52,70.87,49.82,430
Relicanth,"['water', 'rock']",100,90,130,45,65,55,39.37,51.59,385
Luvdisc,['water'],43,30,55,40,65,97,23.62,19.18,287
Bagon,['dragon'],45,75,60,40,30,50,23.62,92.81,255
Shelgon,['dragon'],65,95,100,60,50,50,43.31,243.61,355
Salamence,"['dragon', 'flying']",95,135,80,110,80,100,59.06,226.19,505
Beldum,"['steel', 'psychic']",40,55,80,35,60,30,23.62,209.88,260
Metang,"['steel', 'psychic']",60,75,100,55,80,50,47.24,446.44,360
Metagross,"['steel', 'psychic']",80,135,130,95,90,70,62.99,1212.54,520
Regirock,['rock'],80,100,200,50,100,50,66.93,507.06,500
Regice,['ice'],80,50,100,100,200,50,70.87,385.81,500
Registeel,['steel'],80,75,150,75,150,50,74.8,451.95,500
Latias,"['dragon', 'psychic']",80,80,90,110,130,110,55.12,88.18,520
Latios,"['dragon', 'psychic']",80,90,80,130,110,110,78.74,132.28,520
Kyogre,['water'],100,100,90,150,140,90,177.17,776.03,570
Groudon,['ground'],100,150,140,100,90,90,137.8,2094.39,570
Rayquaza,"['dragon', 'flying']",105,150,90,150,90,95,275.59,455.25,575
Jirachi,"['steel', 'psychic']",100,100,100,100,100,100,11.81,2.43,500
Deoxys-normal,['psychic'],50,150,50,150,50,150,66.93,134.04,550
Turtwig,['grass'],55,68,64,45,55,31,15.75,22.49,263
Grotle,['grass'],75,89,85,55,65,36,43.31,213.85,330
Torterra,"['grass', 'ground']",95,109,105,75,85,56,86.61,683.43,430
Chimchar,['fire'],44,58,44,58,44,61,19.69,13.67,265
Monferno,"['fire', 'fighting']",64,78,52,78,52,81,35.43,48.5,341
Infernape,"['fire', 'fighting']",76,104,71,104,71,108,47.24,121.25,458
Piplup,['water'],53,51,53,61,56,40,15.75,11.46,261
Prinplup,['water'],64,66,68,81,76,50,31.5,50.71,341
Empoleon,"['water', 'steel']",84,86,88,111,101,60,66.93,186.29,446
Starly,"['normal', 'flying']",40,55,30,30,30,60,11.81,4.41,205
Staravia,"['normal', 'flying']",55,75,50,40,40,80,23.62,34.17,285
Staraptor,"['normal', 'flying']",85,120,70,50,60,100,47.24,54.9,400
Bidoof,['normal'],59,45,40,35,40,31,19.69,44.09,191
Bibarel,"['normal', 'water']",79,85,60,55,60,71,39.37,69.45,331
Kricketot,['bug'],37,25,41,25,41,25,11.81,4.85,157
Kricketune,['bug'],77,85,51,55,51,65,39.37,56.22,307
Shinx,['electric'],45,65,34,40,34,45,19.69,20.94,218
Luxio,['electric'],60,85,49,60,49,60,35.43,67.24,303
Luxray,['electric'],80,120,79,95,79,70,55.12,92.59,443
Budew,"['grass', 'poison']",40,30,35,50,70,55,7.87,2.65,240
Roserade,"['grass', 'poison']",60,70,65,125,105,90,35.43,31.97,455
Cranidos,['rock'],67,125,40,30,30,58,35.43,69.45,283
Rampardos,['rock'],97,165,60,65,50,58,62.99,225.97,398
Shieldon,"['rock', 'steel']",30,42,118,42,88,30,19.69,125.66,320
Bastiodon,"['rock', 'steel']",60,52,168,47,138,30,51.18,329.59,435
Burmy,['bug'],40,29,45,29,45,36,7.87,7.5,184
Wormadam-plant,"['bug', 'grass']",60,59,85,79,105,36,19.69,14.33,364
Mothim,"['bug', 'flying']",70,94,50,94,50,66,35.43,51.37,354
Combee,"['bug', 'flying']",30,30,42,30,42,70,11.81,12.13,214
Vespiquen,"['bug', 'flying']",70,80,102,80,102,40,47.24,84.88,404
Pachirisu,['electric'],60,45,70,45,90,95,15.75,8.6,345
Buizel,['water'],55,65,35,60,30,85,27.56,65.04,275
Floatzel,['water'],85,105,55,85,50,115,43.31,73.85,410
Cherubi,['grass'],45,35,45,62,53,35,15.75,7.28,230
Cherrim,['grass'],70,60,70,87,78,85,19.69,20.5,380
Shellos,['water'],76,48,48,57,62,34,11.81,13.89,249
Gastrodon,"['water', 'ground']",111,83,68,92,82,39,35.43,65.92,364
Ambipom,['normal'],75,100,66,60,66,115,47.24,44.75,407
Drifloon,"['ghost', 'flying']",90,50,34,60,44,70,15.75,2.65,258
Drifblim,"['ghost', 'flying']",150,80,44,90,54,80,47.24,33.07,348
Buneary,['normal'],55,66,44,44,56,85,15.75,12.13,295
Lopunny,['normal'],65,76,84,54,96,105,47.24,73.41,415
Mismagius,['ghost'],60,60,60,105,105,105,35.43,9.7,435
Honchkrow,"['dark', 'flying']",100,125,52,105,52,71,35.43,60.19,405
Glameow,['normal'],49,55,42,42,37,85,19.69,8.6,261
Purugly,['normal'],71,82,64,64,59,112,39.37,96.56,381
Chingling,['psychic'],45,30,50,65,50,45,7.87,1.32,240
Stunky,"['poison', 'dark']",63,63,47,41,41,74,15.75,42.33,266
Skuntank,"['poison', 'dark']",103,93,67,71,61,84,39.37,83.78,376
Bronzor,"['steel', 'psychic']",57,24,86,24,86,23,19.69,133.38,243
Bronzong,"['steel', 'psychic']",67,89,116,79,116,33,51.18,412.26,433
Bonsly,['rock'],50,80,95,10,45,10,19.69,33.07,240
Mime-jr,"['psychic', 'fairy']",20,25,45,70,90,60,23.62,28.66,290
Happiny,['normal'],100,5,5,15,65,30,23.62,53.79,120
Chatot,"['normal', 'flying']",76,65,45,92,42,91,19.69,4.19,335
Spiritomb,"['ghost', 'dark']",50,92,108,92,108,35,39.37,238.1,435
Gible,"['dragon', 'ground']",58,70,45,40,45,42,27.56,45.19,242
Gabite,"['dragon', 'ground']",68,90,65,50,55,82,55.12,123.46,342
Garchomp,"['dragon', 'ground']",108,130,95,80,85,102,74.8,209.44,492
Munchlax,['normal'],135,85,40,40,85,5,23.62,231.49,255
Riolu,['fighting'],40,70,40,35,40,60,27.56,44.53,245
Lucario,"['fighting', 'steel']",70,110,70,115,70,90,47.24,119.05,455
Hippopotas,['ground'],68,72,78,38,42,32,31.5,109.13,262
Hippowdon,['ground'],108,112,118,68,72,47,78.74,661.39,417
Skorupi,"['poison', 'bug']",40,50,90,30,55,65,31.5,26.46,290
Drapion,"['poison', 'dark']",70,90,110,60,75,95,51.18,135.58,430
Croagunk,"['poison', 'fighting']",48,61,40,61,40,50,27.56,50.71,252
Toxicroak,"['poison', 'fighting']",83,106,65,86,65,85,51.18,97.89,407
Carnivine,['grass'],74,100,72,90,72,46,55.12,59.52,380
Finneon,['water'],49,49,56,49,61,66,15.75,15.43,281
Lumineon,['water'],69,69,76,69,86,91,47.24,52.91,391
Mantyke,"['water', 'flying']",45,20,50,60,120,50,39.37,143.3,300
Snover,"['grass', 'ice']",60,62,50,62,60,40,39.37,111.33,274
Abomasnow,"['grass', 'ice']",90,92,75,92,85,60,86.61,298.73,404
Weavile,"['dark', 'ice']",70,120,65,45,85,125,43.31,74.96,440
Magnezone,"['electric', 'steel']",70,70,115,130,90,60,47.24,396.83,465
Lickilicky,['normal'],110,85,95,80,95,50,66.93,308.65,405
Rhyperior,"['ground', 'rock']",115,140,130,55,55,40,94.49,623.47,420
Tangrowth,['grass'],100,100,125,110,50,50,78.74,283.51,435
Electivire,['electric'],75,123,67,95,85,95,70.87,305.56,465
Magmortar,['fire'],75,95,67,125,95,83,62.99,149.91,465
Togekiss,"['fairy', 'flying']",85,50,95,120,115,80,59.06,83.78,460
Yanmega,"['bug', 'flying']",86,76,86,116,56,95,74.8,113.54,429
Leafeon,['grass'],65,110,130,60,65,95,39.37,56.22,460
Glaceon,['ice'],65,60,110,130,95,65,31.5,57.1,460
Gliscor,"['ground', 'flying']",75,95,125,45,75,95,78.74,93.7,435
Mamoswine,"['ice', 'ground']",110,130,80,70,60,80,98.43,641.54,420
Porygon-z,['normal'],85,80,70,135,75,90,35.43,74.96,450
Gallade,"['psychic', 'fighting']",68,125,65,65,115,80,62.99,114.64,450
Probopass,"['rock', 'steel']",60,55,145,75,150,40,55.12,749.57,465
Dusknoir,['ghost'],45,100,135,65,135,45,86.61,235.01,480
Froslass,"['ice', 'ghost']",70,80,70,80,70,110,51.18,58.64,410
Rotom,"['electric', 'ghost']",50,50,77,95,77,91,11.81,0.66,390
Uxie,['psychic'],75,75,130,75,130,95,11.81,0.66,505
Mesprit,['psychic'],80,105,105,105,105,80,11.81,0.66,500
Azelf,['psychic'],75,125,70,125,70,115,11.81,0.66,505
Dialga,"['steel', 'dragon']",100,120,120,150,100,90,212.6,1505.76,580
Palkia,"['water', 'dragon']",90,120,100,150,120,100,165.35,740.75,590
Heatran,"['fire', 'steel']",91,90,106,130,106,77,66.93,947.99,509
Regigigas,['normal'],110,160,110,80,110,100,145.67,925.94,560
Giratina-altered,"['ghost', 'dragon']",150,100,120,100,120,90,177.17,1653.46,530
Cresselia,['psychic'],120,70,120,75,130,85,59.06,188.72,480
Phione,['water'],80,80,80,80,80,80,15.75,6.83,400
Manaphy,['water'],100,100,100,100,100,100,11.81,3.09,500
Darkrai,['dark'],70,90,90,135,90,125,59.06,111.33,530
Shaymin-land,['grass'],100,100,100,100,100,100,7.87,4.63,500
Arceus,['normal'],120,120,120,120,120,120,125.98,705.48,600
Victini,"['psychic', 'fire']",100,100,100,100,100,100,15.75,8.82,500
Snivy,['grass'],45,45,55,45,55,63,23.62,17.86,263
Servine,['grass'],60,60,75,60,75,83,31.5,35.27,353
Serperior,['grass'],75,75,95,75,95,113,129.92,138.89,453
Tepig,['fire'],65,63,45,45,45,45,19.69,21.83,243
Pignite,"['fire', 'fighting']",90,93,55,70,55,55,39.37,122.36,328
Emboar,"['fire', 'fighting']",110,123,65,100,65,65,62.99,330.69,418
Oshawott,['water'],55,55,45,63,45,45,19.69,13.01,253
Dewott,['water'],75,75,60,83,60,60,31.5,54.01,338
Samurott,['water'],95,100,85,108,70,70,59.06,208.56,433
Patrat,['normal'],45,55,39,35,39,42,19.69,25.57,210
Watchog,['normal'],60,85,69,60,69,77,43.31,59.52,360
Lillipup,['normal'],45,60,45,25,45,55,15.75,9.04,230
Herdier,['normal'],65,80,65,35,65,60,35.43,32.41,305
Stoutland,['normal'],85,110,90,45,90,80,47.24,134.48,415
Purrloin,['dark'],41,50,37,50,37,66,15.75,22.27,240
Liepard,['dark'],64,88,50,88,50,106,43.31,82.67,382
Pansage,['grass'],50,53,48,53,48,64,23.62,23.15,266
Simisage,['grass'],75,98,63,98,63,101,43.31,67.24,423
Pansear,['fire'],50,53,48,53,48,64,23.62,24.25,266
Simisear,['fire'],75,98,63,98,63,101,39.37,61.73,423
Panpour,['water'],50,53,48,53,48,64,23.62,29.76,266
Simipour,['water'],75,98,63,98,63,101,39.37,63.93,423
Munna,['psychic'],76,25,45,67,55,24,23.62,51.37,216
Musharna,['psychic'],116,55,85,107,95,29,43.31,133.38,371
Pidove,"['normal', 'flying']",50,55,50,36,30,43,11.81,4.63,214
Tranquill,"['normal', 'flying']",62,77,62,50,42,65,23.62,33.07,296
Unfezant,"['normal', 'flying']",80,115,80,65,55,93,47.24,63.93,408
Blitzle,['electric'],45,60,32,50,32,76,31.5,65.7,250
Zebstrika,['electric'],75,100,63,80,63,116,62.99,175.27,422
Roggenrola,['rock'],55,75,85,25,25,15,15.75,39.68,225
Boldore,['rock'],70,105,105,50,40,20,35.43,224.87,320
Gigalith,['rock'],85,135,130,60,80,25,66.93,573.2,430
Woobat,"['psychic', 'flying']",65,45,43,55,43,72,15.75,4.63,258
Swoobat,"['psychic', 'flying']",67,57,55,77,55,114,35.43,23.15,358
Drilbur,['ground'],60,85,40,30,45,68,11.81,18.74,268
Excadrill,"['ground', 'steel']",110,135,60,50,65,88,27.56,89.07,398
Audino,['normal'],103,60,86,60,86,50,43.31,68.34,342
Timburr,['fighting'],75,80,55,25,35,35,23.62,27.56,230
Gurdurr,['fighting'],85,105,85,40,50,40,47.24,88.18,320
Conkeldurr,['fighting'],105,140,95,55,65,45,55.12,191.8,400
Tympole,['water'],50,50,40,50,40,64,19.69,9.92,244
Palpitoad,"['water', 'ground']",75,65,55,65,55,69,31.5,37.48,309
Seismitoad,"['water', 'ground']",105,95,75,85,75,74,59.06,136.69,404
Throh,['fighting'],120,100,85,30,85,45,51.18,122.36,345
Sawk,['fighting'],75,125,75,30,75,85,55.12,112.44,390
Sewaddle,"['bug', 'grass']",45,53,70,40,60,42,11.81,5.51,265
Swadloon,"['bug', 'grass']",55,63,90,50,80,42,19.69,16.09,325
Leavanny,"['bug', 'grass']",75,103,80,70,80,92,47.24,45.19,425
Venipede,"['bug', 'poison']",30,45,59,30,39,57,15.75,11.68,230
Whirlipede,"['bug', 'poison']",40,55,99,40,79,47,47.24,128.97,320
Scolipede,"['bug', 'poison']",60,100,89,55,69,112,98.43,442.03,425
Cottonee,"['grass', 'fairy']",40,27,60,37,50,66,11.81,1.32,240
Whimsicott,"['grass', 'fairy']",60,67,85,77,75,116,27.56,14.55,420
Petilil,['grass'],45,35,50,70,50,30,19.69,14.55,235
Lilligant,['grass'],70,60,75,110,75,90,43.31,35.94,410
Basculin-red-striped,['water'],70,92,65,80,55,98,39.37,39.68,390
Sandile,"['ground', 'dark']",50,72,35,35,35,65,27.56,33.51,242
Krokorok,"['ground', 'dark']",60,82,45,45,45,74,39.37,73.63,291
Krookodile,"['ground', 'dark']",95,117,80,65,70,92,59.06,212.3,424
Darumaka,['fire'],70,90,45,15,45,50,23.62,82.67,245
Darmanitan-standard,['fire'],105,140,55,30,55,95,51.18,204.81,375
Maractus,['grass'],75,86,67,106,67,60,39.37,61.73,386
Dwebble,"['bug', 'rock']",50,65,85,35,35,55,11.81,31.97,275
Crustle,"['bug', 'rock']",70,105,125,65,75,45,55.12,440.92,415
Scraggy,"['dark', 'fighting']",50,75,70,35,70,48,23.62,26.01,298
Scrafty,"['dark', 'fighting']",65,90,115,45,115,58,43.31,66.14,423
Sigilyph,"['psychic', 'flying']",72,58,80,103,80,97,55.12,30.86,418
Yamask,['ghost'],38,30,85,55,65,30,19.69,3.31,265
Cofagrigus,['ghost'],58,50,145,95,105,30,66.93,168.65,425
Tirtouga,"['water', 'rock']",54,78,103,53,45,22,27.56,36.38,301
Carracosta,"['water', 'rock']",74,108,133,83,65,32,47.24,178.57,421
Archen,"['rock', 'flying']",55,112,45,74,45,70,19.69,20.94,346
Archeops,"['rock', 'flying']",75,140,65,112,65,110,55.12,70.55,492
Trubbish,['poison'],50,50,62,40,62,65,23.62,68.34,279
Garbodor,['poison'],80,95,82,60,82,75,74.8,236.56,394
Zorua,['dark'],40,65,40,80,40,65,27.56,27.56,290
Zoroark,['dark'],60,105,60,120,60,105,62.99,178.79,450
Minccino,['normal'],55,50,40,40,40,75,15.75,12.79,245
Cinccino,['normal'],75,95,60,65,60,115,19.69,16.53,395
Gothita,['psychic'],45,30,50,55,65,45,15.75,12.79,245
Gothorita,['psychic'],60,45,70,75,85,55,27.56,39.68,330
Gothitelle,['psychic'],70,55,95,95,110,65,59.06,97.0,420
Solosis,['psychic'],45,30,40,105,50,20,11.81,2.2,245
Duosion,['psychic'],65,40,50,125,60,30,23.62,17.64,305
Reuniclus,['psychic'],110,65,75,125,85,30,39.37,44.31,380
Ducklett,"['water', 'flying']",62,44,50,44,50,55,19.69,12.13,243
Swanna,"['water', 'flying']",75,87,63,87,63,98,51.18,53.35,398
Vanillite,['ice'],36,50,50,65,60,44,15.75,12.57,269
Vanillish,['ice'],51,65,65,80,75,59,43.31,90.39,344
Vanilluxe,['ice'],71,95,85,110,95,79,51.18,126.77,464
Deerling,"['normal', 'grass']",60,60,50,40,50,75,23.62,42.99,275
Sawsbuck,"['normal', 'grass']",80,100,70,60,70,95,74.8,203.93,395
Emolga,"['electric', 'flying']",55,75,60,75,60,103,15.75,11.02,373
Karrablast,['bug'],50,75,45,40,45,60,19.69,13.01,265
Escavalier,"['bug', 'steel']",70,135,105,60,105,20,39.37,72.75,425
Foongus,"['grass', 'poison']",69,55,45,55,55,15,7.87,2.2,225
Amoonguss,"['grass', 'poison']",114,85,70,85,80,30,23.62,23.15,350
Frillish,"['water', 'ghost']",55,40,50,65,85,40,47.24,72.75,280
Jellicent,"['water', 'ghost']",100,60,70,85,105,60,86.61,297.62,380
Alomomola,['water'],165,75,80,40,45,65,47.24,69.67,305
Joltik,"['bug', 'electric']",50,47,50,57,50,65,3.94,1.32,269
Galvantula,"['bug', 'electric']",70,77,60,97,60,108,31.5,31.53,402
Ferroseed,"['grass', 'steel']",44,50,91,24,86,10,23.62,41.45,261
Ferrothorn,"['grass', 'steel']",74,94,131,54,116,20,39.37,242.51,415
Klink,['steel'],40,55,70,45,60,30,11.81,46.3,260
Klang,['steel'],60,80,95,70,85,50,23.62,112.44,380
Klinklang,['steel'],60,100,115,70,85,90,23.62,178.57,460
Tynamo,['electric'],35,55,40,45,40,60,7.87,0.66,240
Eelektrik,['electric'],65,85,70,75,70,40,47.24,48.5,340
Eelektross,['electric'],85,115,80,105,80,50,82.68,177.47,430
Elgyem,['psychic'],55,55,55,85,55,30,19.69,19.84,280
Beheeyem,['psychic'],75,75,75,125,95,40,39.37,76.06,410
Litwick,"['ghost', 'fire']",50,30,55,65,55,20,11.81,6.83,225
Lampent,"['ghost', 'fire']",60,40,60,95,60,55,23.62,28.66,310
Chandelure,"['ghost', 'fire']",60,55,90,145,90,80,39.37,75.62,460
Axew,['dragon'],46,87,60,30,40,57,23.62,39.68,274
Fraxure,['dragon'],66,117,70,40,50,67,39.37,79.37,344
Haxorus,['dragon'],76,147,90,60,70,97,70.87,232.59,464
Cubchoo,['ice'],55,70,40,60,40,40,19.69,18.74,250
Beartic,['ice'],95,130,80,70,80,50,102.36,573.2,410
Cryogonal,['ice'],80,50,50,95,135,105,43.31,326.28,435
Shelmet,['bug'],50,40,85,40,65,25,15.75,16.98,255
Accelgor,['bug'],80,70,40,100,60,145,31.5,55.78,415
Stunfisk,"['ground', 'electric']",109,66,84,81,99,32,27.56,24.25,362
Mienfoo,['fighting'],45,85,50,55,50,65,35.43,44.09,305
Mienshao,['fighting'],65,125,60,95,60,105,55.12,78.26,445
Druddigon,['dragon'],77,120,90,60,90,48,62.99,306.44,408
Golett,"['ground', 'ghost']",59,74,50,35,50,35,39.37,202.83,244
Golurk,"['ground', 'ghost']",89,124,80,55,80,55,110.24,727.52,394
Pawniard,"['dark', 'steel']",45,85,70,40,40,60,19.69,22.49,295
Bisharp,"['dark', 'steel']",65,125,100,60,70,70,62.99,154.32,425
Bouffalant,['normal'],95,110,95,40,95,55,62.99,208.56,395
Rufflet,"['normal', 'flying']",70,83,50,37,50,60,19.69,23.15,280
Braviary,"['normal', 'flying']",100,123,75,57,75,80,59.06,90.39,410
Vullaby,"['dark', 'flying']",70,55,75,45,65,60,19.69,19.84,300
Mandibuzz,"['dark', 'flying']",110,65,105,55,95,80,47.24,87.08,400
Heatmor,['fire'],85,97,66,105,66,65,55.12,127.87,399
Durant,"['bug', 'steel']",58,109,112,48,48,109,11.81,72.75,426
Deino,"['dark', 'dragon']",52,65,50,45,50,38,31.5,38.14,248
Zweilous,"['dark', 'dragon']",72,85,70,65,70,58,55.12,110.23,348
Hydreigon,"['dark', 'dragon']",92,105,90,125,90,98,70.87,352.74,508
Larvesta,"['bug', 'fire']",55,85,55,50,55,60,43.31,63.49,305
Volcarona,"['bug', 'fire']",85,60,65,135,105,100,62.99,101.41,465
Cobalion,"['steel', 'fighting']",91,90,129,90,72,108,82.68,551.16,489
Terrakion,"['rock', 'fighting']",91,129,90,72,90,108,74.8,573.2,489
Virizion,"['grass', 'fighting']",91,90,72,90,129,108,78.74,440.92,489
Tornadus-incarnate,['flying'],79,115,70,125,80,111,59.06,138.89,501
Thundurus-incarnate,"['electric', 'flying']",79,115,70,125,80,111,59.06,134.48,501
Reshiram,"['dragon', 'fire']",100,120,100,150,120,90,125.98,727.52,580
Zekrom,"['dragon', 'electric']",100,150,120,120,100,90,114.17,760.59,580
Landorus-incarnate,"['ground', 'flying']",89,125,90,115,80,101,59.06,149.91,511
Kyurem,"['dragon', 'ice']",125,130,90,130,90,95,118.11,716.5,535
Keldeo-ordinary,"['water', 'fighting']",91,72,90,129,90,108,55.12,106.92,489
Meloetta-aria,"['normal', 'psychic']",100,77,77,128,128,90,23.62,14.33,500
Genesect,"['bug', 'steel']",71,120,95,120,95,99,59.06,181.88,529
Chespin,['grass'],56,61,65,48,45,38,15.75,19.84,257
Quilladin,['grass'],61,78,95,56,58,57,27.56,63.93,344
Chesnaught,"['grass', 'fighting']",88,107,122,74,75,64,62.99,198.42,442
Fennekin,['fire'],40,45,40,62,60,60,15.75,20.72,267
Braixen,['fire'],59,59,58,90,70,73,39.37,31.97,350
Delphox,"['fire', 'psychic']",75,69,72,114,100,104,59.06,85.98,459
Froakie,['water'],41,56,40,62,44,71,11.81,15.43,273
Frogadier,['water'],54,63,52,83,56,97,23.62,24.03,351
Greninja,"['water', 'dark']",72,95,67,103,71,122,59.06,88.18,458
Bunnelby,['normal'],38,36,38,32,36,57,15.75,11.02,199
Diggersby,"['normal', 'ground']",85,56,77,50,77,78,39.37,93.48,338
Fletchling,"['normal', 'flying']",45,50,43,40,38,62,11.81,3.75,233
Fletchinder,"['fire', 'flying']",62,73,55,56,52,84,27.56,35.27,320
Talonflame,"['fire', 'flying']",78,81,71,74,69,126,47.24,54.01,421
Scatterbug,['bug'],38,35,40,27,25,35,11.81,5.51,162
Spewpa,['bug'],45,22,60,27,30,29,11.81,18.52,168
Vivillon,"['bug', 'flying']",80,52,50,90,50,89,47.24,37.48,331
Litleo,"['fire', 'normal']",62,50,58,73,54,72,23.62,29.76,307
Pyroar,"['fire', 'normal']",86,68,72,109,66,106,59.06,179.68,421
Flabebe,['fairy'],44,38,39,61,79,42,3.94,0.22,259
Floette,['fairy'],54,45,47,75,98,52,7.87,1.98,317
Florges,['fairy'],78,65,68,112,154,75,43.31,22.05,474
Skiddo,['grass'],66,65,48,62,57,52,35.43,68.34,284
Gogoat,['grass'],123,100,62,97,81,68,66.93,200.62,408
Pancham,['fighting'],67,82,62,46,48,43,23.62,17.64,281
Pangoro,"['fighting', 'dark']",95,124,78,69,71,58,82.68,299.83,400
Furfrou,['normal'],75,80,60,65,90,102,47.24,61.73,397
Espurr,['psychic'],62,48,54,63,60,68,11.81,7.72,293
Meowstic-male,['psychic'],74,48,76,83,81,104,23.62,18.74,392
Honedge,"['steel', 'ghost']",45,80,100,35,37,28,31.5,4.41,280
Doublade,"['steel', 'ghost']",59,110,150,45,49,35,31.5,9.92,389
Aegislash-shield,"['steel', 'ghost']",60,50,140,50,140,60,66.93,116.84,440
Spritzee,['fairy'],78,52,60,63,65,23,7.87,1.1,263
Aromatisse,['fairy'],101,72,72,99,89,29,31.5,34.17,361
Swirlix,['fairy'],62,48,66,59,57,49,15.75,7.72,279
Slurpuff,['fairy'],82,80,86,85,75,72,31.5,11.02,398
Inkay,"['dark', 'psychic']",53,54,53,37,46,45,15.75,7.72,235
Malamar,"['dark', 'psychic']",86,92,88,68,75,73,59.06,103.62,396
Binacle,"['rock', 'water']",42,52,67,39,56,50,19.69,68.34,264
Barbaracle,"['rock', 'water']",72,105,115,54,86,68,51.18,211.64,428
Skrelp,"['poison', 'water']",50,60,60,60,60,30,19.69,16.09,270
Dragalge,"['poison', 'dragon']",65,75,90,97,123,44,70.87,179.68,429
Clauncher,['water'],50,53,62,58,63,44,19.69,18.3,280
Clawitzer,['water'],71,73,88,120,89,59,51.18,77.82,429
Helioptile,"['electric', 'normal']",44,38,33,61,43,70,19.69,13.23,245
Heliolisk,"['electric', 'normal']",62,55,52,109,94,109,39.37,46.3,419
Tyrunt,"['rock', 'dragon']",58,89,77,45,45,48,31.5,57.32,304
Tyrantrum,"['rock', 'dragon']",82,121,119,69,59,71,98.43,595.25,439
Amaura,"['rock', 'ice']",77,59,50,67,63,46,51.18,55.56,285
Aurorus,"['rock', 'ice']",123,77,72,99,92,58,106.3,496.04,398
Sylveon,['fairy'],95,65,65,110,130,60,39.37,51.81,430
Hawlucha,"['fighting', 'flying']",78,92,75,74,63,118,31.5,47.4,422
Dedenne,"['electric', 'fairy']",67,58,57,81,67,101,7.87,4.85,364
Carbink,"['rock', 'fairy']",50,50,150,50,150,50,11.81,12.57,450
Goomy,['dragon'],45,50,35,55,75,40,11.81,6.17,255
Sliggoo,['dragon'],68,75,53,83,113,60,31.5,38.58,384
Goodra,['dragon'],90,100,70,110,150,80,78.74,331.8,510
Klefki,"['steel', 'fairy']",57,80,91,80,87,75,7.87,6.61,413
Phantump,"['ghost', 'grass']",43,70,48,50,60,38,15.75,15.43,266
Trevenant,"['ghost', 'grass']",85,110,76,65,82,56,59.06,156.53,389
Pumpkaboo-average,"['ghost', 'grass']",49,66,70,44,55,51,15.75,11.02,286
Gourgeist-average,"['ghost', 'grass']",65,90,122,58,75,84,35.43,27.56,429
Bergmite,['ice'],55,69,85,32,35,28,39.37,219.36,249
Avalugg,['ice'],95,117,184,44,46,28,78.74,1113.33,419
Noibat,"['flying', 'dragon']",40,30,35,45,40,55,19.69,17.64,205
Noivern,"['flying', 'dragon']",85,70,80,97,80,123,59.06,187.39,450
Xerneas,['fairy'],126,131,95,131,98,99,118.11,473.99,554
Yveltal,"['dark', 'flying']",126,131,95,131,98,99,228.35,447.54,554
Zygarde-50,"['dragon', 'ground']",108,100,121,81,95,95,196.85,672.41,492
Diancie,"['rock', 'fairy']",50,100,150,100,150,50,27.56,19.4,550
Hoopa,"['psychic', 'ghost']",80,110,60,150,130,70,19.69,19.84,520
Volcanion,"['fire', 'water']",80,110,120,130,90,70,66.93,429.9,520
Rowlet,"['grass', 'flying']",68,55,55,50,50,42,11.81,3.31,252
Dartrix,"['grass', 'flying']",78,75,75,70,70,52,27.56,35.27,342
Decidueye,"['grass', 'ghost']",78,107,75,100,100,70,62.99,80.69,452
Litten,['fire'],45,65,40,60,40,70,15.75,9.48,275
Torracat,['fire'],65,85,50,80,50,90,27.56,55.12,355
Incineroar,"['fire', 'dark']",95,115,90,80,90,60,70.87,182.98,435
Popplio,['water'],50,54,54,66,56,40,15.75,16.53,270
Brionne,['water'],60,69,69,91,81,50,23.62,38.58,360
Primarina,"['water', 'fairy']",80,74,74,126,116,60,70.87,97.0,450
Pikipek,"['normal', 'flying']",35,75,30,30,30,65,11.81,2.65,230
Trumbeak,"['normal', 'flying']",55,85,50,40,50,75,23.62,32.63,300
Toucannon,"['normal', 'flying']",80,120,75,75,75,60,43.31,57.32,405
Yungoos,['normal'],48,70,30,30,30,45,15.75,13.23,205
Gumshoos,['normal'],88,110,60,55,60,45,27.56,31.31,330
Grubbin,['bug'],47,62,45,55,45,46,15.75,9.7,253
Charjabug,"['bug', 'electric']",57,82,95,55,75,36,19.69,23.15,343
Vikavolt,"['bug', 'electric']",77,70,90,145,75,43,59.06,99.21,423
Crabrawler,['fighting'],47,82,57,42,47,63,23.62,15.43,291
Crabominable,"['fighting', 'ice']",97,132,77,62,67,43,66.93,396.83,381
Oricorio-baile,"['fire', 'flying']",75,70,70,98,70,93,23.62,7.5,401
Cutiefly,"['bug', 'fairy']",40,45,40,55,40,84,3.94,0.44,264
Ribombee,"['bug', 'fairy']",60,55,60,95,70,124,7.87,1.1,404
Rockruff,['rock'],45,65,40,30,40,60,19.69,20.28,235
Lycanroc-midday,['rock'],75,115,65,55,65,112,31.5,55.12,412
Wishiwashi-solo,['water'],45,20,20,25,25,40,7.87,0.66,130
Mareanie,"['poison', 'water']",50,53,62,43,52,45,15.75,17.64,255
Toxapex,"['poison', 'water']",50,63,152,53,142,35,27.56,31.97,445
Mudbray,['ground'],70,100,70,45,55,45,39.37,242.51,315
Mudsdale,['ground'],100,125,100,55,85,35,98.43,2028.25,400
Dewpider,"['water', 'bug']",38,40,52,40,72,27,11.81,8.82,231
Araquanid,"['water', 'bug']",68,70,92,50,132,42,70.87,180.78,386
Fomantis,['grass'],40,55,35,50,35,35,11.81,3.31,210
Lurantis,['grass'],70,105,90,80,90,45,35.43,40.79,410
Morelull,"['grass', 'fairy']",40,35,55,65,75,15,7.87,3.31,245
Shiinotic,"['grass', 'fairy']",60,45,80,90,100,30,39.37,25.35,345
Salandit,"['poison', 'fire']",48,44,40,71,40,77,23.62,10.58,272
Salazzle,"['poison', 'fire']",68,64,60,111,60,117,47.24,48.94,412
Stufful,"['normal', 'fighting']",70,75,50,45,50,50,19.69,14.99,270
Bewear,"['normal', 'fighting']",120,125,80,55,60,60,82.68,297.62,380
Bounsweet,['grass'],42,30,38,30,38,32,11.81,7.05,168
Steenee,['grass'],52,40,48,40,48,62,27.56,18.08,238
Tsareena,['grass'],72,120,98,50,98,72,47.24,47.18,438
Comfey,['fairy'],51,52,90,82,110,100,3.94,0.66,434
Oranguru,"['normal', 'psychic']",90,60,80,90,110,60,59.06,167.55,400
Passimian,['fighting'],100,120,90,40,60,80,78.74,182.54,390
Wimpod,"['bug', 'water']",25,35,40,20,30,80,19.69,26.46,205
Golisopod,"['bug', 'water']",75,125,140,60,90,40,78.74,238.1,455
Sandygast,"['ghost', 'ground']",55,55,80,70,45,15,19.69,154.32,265
Palossand,"['ghost', 'ground']",85,75,110,100,75,35,51.18,551.16,395
Pyukumuku,['water'],55,60,130,30,130,5,11.81,2.65,355
Type-null,['normal'],95,95,95,95,95,59,74.8,265.66,439
Silvally,['normal'],95,95,95,95,95,95,90.55,221.56,475
Minior-red-meteor,"['rock', 'flying']",60,60,100,60,100,60,11.81,88.18,380
Komala,['normal'],65,115,65,75,95,65,15.75,43.87,415
Turtonator,"['fire', 'dragon']",60,78,135,91,85,36,78.74,467.38,425
Togedemaru,"['electric', 'steel']",65,98,63,40,73,96,11.81,7.28,370
Mimikyu-disguised,"['ghost', 'fairy']",55,90,80,50,105,96,7.87,1.54,421
Bruxish,"['water', 'psychic']",68,105,70,70,70,92,35.43,41.89,407
Drampa,"['normal', 'dragon']",78,60,85,135,91,36,118.11,407.85,407
Dhelmise,"['ghost', 'grass']",70,131,100,86,90,40,153.54,462.97,447
Jangmo-o,['dragon'],45,55,65,45,45,45,23.62,65.48,255
Hakamo-o,"['dragon', 'fighting']",55,75,90,65,70,65,47.24,103.62,365
Kommo-o,"['dragon', 'fighting']",75,110,125,100,105,85,62.99,172.4,525
Tapu-koko,"['electric', 'fairy']",70,115,85,95,75,130,70.87,45.19,500
Tapu-lele,"['psychic', 'fairy']",70,85,75,130,115,95,47.24,41.01,500
Tapu-bulu,"['grass', 'fairy']",70,130,115,85,95,75,74.8,100.31,500
Tapu-fini,"['water', 'fairy']",70,75,115,95,130,85,51.18,46.74,500
Cosmog,['psychic'],43,29,31,29,31,37,7.87,0.22,157
Cosmoem,['psychic'],43,29,131,29,131,37,3.94,2204.4,357
Solgaleo,"['psychic', 'steel']",137,137,107,113,89,97,133.86,507.06,543
Lunala,"['psychic', 'ghost']",137,113,89,137,107,97,157.48,264.55,543
Nihilego,"['rock', 'poison']",109,53,47,127,131,103,47.24,122.36,461
Buzzwole,"['bug', 'fighting']",107,139,139,53,53,79,94.49,735.46,463
Pheromosa,"['bug', 'fighting']",71,137,37,137,37,151,70.87,55.12,499
Xurkitree,['electric'],83,89,71,173,71,83,149.61,220.46,487
Celesteela,"['steel', 'flying']",97,101,103,107,101,61,362.2,2204.4,473
Kartana,"['grass', 'steel']",59,181,131,59,31,109,11.81,0.22,511
Guzzlord,"['dark', 'dragon']",223,101,53,97,53,43,216.54,1957.7,347
Necrozma,['psychic'],97,107,101,127,89,79,94.49,507.06,503
Magearna,"['steel', 'fairy']",80,95,115,130,115,65,39.37,177.47,520
Marshadow,"['fighting', 'ghost']",90,125,80,90,90,125,27.56,48.94,510
Poipole,['poison'],67,73,67,73,67,73,23.62,3.97,353
Naganadel,"['poison', 'dragon']",73,73,73,127,73,121,141.73,330.69,467
Stakataka,"['rock', 'steel']",61,131,211,53,101,13,216.54,1807.79,509
Blacephalon,"['fire', 'ghost']",53,127,53,151,79,107,70.87,28.66,517
Zeraora,['electric'],88,112,75,102,80,143,59.06,98.11,512
Meltan,['steel'],46,65,65,55,35,34,7.87,17.64,254
Melmetal,['steel'],135,143,143,80,65,34,98.43,1763.7,465
Grookey,['grass'],50,65,50,40,40,65,11.81,11.02,260
Thwackey,['grass'],70,85,70,55,60,80,27.56,30.86,350
Rillaboom,['grass'],100,125,90,60,70,85,82.68,198.42,430
Scorbunny,['fire'],50,71,40,40,40,69,11.81,9.92,260
Raboot,['fire'],65,86,60,55,60,94,23.62,19.84,355
Cinderace,['fire'],80,116,75,65,75,119,55.12,72.75,450
Sobble,['water'],50,40,40,70,40,70,11.81,8.82,260
Drizzile,['water'],65,60,55,95,55,90,27.56,25.35,355
Inteleon,['water'],70,85,65,125,65,120,74.8,99.65,460
Skwovet,['normal'],70,55,55,35,35,25,11.81,5.51,205
Greedent,['normal'],120,95,95,55,75,20,23.62,13.23,340
Rookidee,['flying'],38,47,35,33,35,57,7.87,3.97,207
Corvisquire,['flying'],68,67,55,43,55,77,31.5,35.27,297
Corviknight,"['flying', 'steel']",98,87,105,53,85,67,86.61,165.35,397
Blipbug,['bug'],25,20,20,25,45,45,15.75,17.64,155
Dottler,"['bug', 'psychic']",50,35,80,50,90,30,15.75,42.99,285
Orbeetle,"['bug', 'psychic']",60,45,110,80,120,90,15.75,89.95,445
Nickit,['dark'],40,28,28,47,52,50,23.62,19.62,205
Thievul,['dark'],70,58,58,87,92,90,47.24,43.87,385
Gossifleur,['grass'],40,40,60,40,60,10,15.75,4.85,210
Eldegoss,['grass'],60,50,90,80,120,60,19.69,5.51,400
Wooloo,['normal'],42,40,55,40,45,48,23.62,13.23,228
Dubwool,['normal'],72,80,100,60,90,88,51.18,94.8,418
Chewtle,['water'],50,64,50,38,38,44,11.81,18.74,234
Drednaw,"['water', 'rock']",90,115,90,48,68,74,39.37,254.63,395
Yamper,['electric'],59,45,50,40,50,26,11.81,29.76,211
Boltund,['electric'],69,90,60,90,60,121,39.37,74.96,421
Rolycoly,['rock'],30,40,50,40,50,30,11.81,26.46,210
Carkol,"['rock', 'fire']",80,60,90,60,70,50,43.31,171.96,330
Coalossal,"['rock', 'fire']",110,80,120,80,90,30,110.24,684.53,400
Applin,"['grass', 'dragon']",40,40,80,40,40,20,7.87,1.1,220
Flapple,"['grass', 'dragon']",70,110,80,95,60,70,11.81,2.2,415
Appletun,"['grass', 'dragon']",110,85,80,100,80,30,15.75,28.66,375
Silicobra,['ground'],52,57,75,35,50,46,86.61,16.76,263
Sandaconda,['ground'],72,107,125,65,70,71,149.61,144.4,438
Cramorant,"['flying', 'water']",70,85,55,85,95,85,31.5,39.68,405
Arrokuda,['water'],41,63,40,40,30,66,19.69,2.2,239
Barraskewda,['water'],61,123,60,60,50,136,51.18,66.14,429
Toxel,"['electric', 'poison']",40,38,35,54,35,40,15.75,24.25,202
Toxtricity-amped,"['electric', 'poison']",75,98,70,114,70,75,62.99,88.18,427
Sizzlipede,"['fire', 'bug']",50,65,45,50,50,45,27.56,2.2,255
Centiskorch,"['fire', 'bug']",100,115,65,90,90,65,118.11,264.55,425
Clobbopus,['fighting'],50,68,60,50,50,32,23.62,8.82,260
Grapploct,['fighting'],80,118,90,70,80,42,62.99,85.98,400
Sinistea,['ghost'],40,45,45,74,54,50,3.94,0.44,268
Polteageist,['ghost'],60,65,65,134,114,70,7.87,0.88,448
Hatenna,['psychic'],42,30,45,56,53,39,15.75,7.5,223
Hattrem,['psychic'],57,40,65,86,73,49,23.62,10.58,313
Hatterene,"['psychic', 'fairy']",57,90,95,136,103,29,82.68,11.24,453
Impidimp,"['dark', 'fairy']",45,45,30,55,40,50,15.75,12.13,220
Morgrem,"['dark', 'fairy']",65,60,45,75,55,70,31.5,27.56,305
Grimmsnarl,"['dark', 'fairy']",95,120,65,95,75,60,59.06,134.48,415
Obstagoon,"['dark', 'normal']",93,90,101,60,81,95,62.99,101.41,427
Perrserker,['steel'],70,110,100,50,60,50,31.5,61.73,370
Cursola,['ghost'],60,95,50,145,130,30,39.37,0.88,450
Sirfetchd,['fighting'],62,135,95,68,82,65,31.5,257.94,445
Mr-rime,"['ice', 'psychic']",80,85,75,110,100,70,59.06,128.31,440
Runerigus,"['ground', 'ghost']",58,95,145,50,105,30,62.99,146.83,425
Milcery,['fairy'],45,40,40,50,61,34,7.87,0.66,225
Alcremie,['fairy'],65,60,75,110,121,64,11.81,1.1,430
Falinks,['fighting'],65,100,100,70,60,75,118.11,136.69,405
Pincurchin,['electric'],48,101,95,91,85,15,11.81,2.2,387
Snom,"['ice', 'bug']",30,25,35,45,30,20,11.81,8.38,155
Frosmoth,"['ice', 'bug']",70,65,60,125,90,65,51.18,92.59,405
Stonjourner,['rock'],100,125,135,20,20,70,98.43,1146.4,370
Eiscue-ice,['ice'],75,80,110,65,90,50,55.12,196.21,395
Indeedee-male,"['psychic', 'normal']",60,65,55,105,95,95,35.43,61.73,415
Morpeko-full-belly,"['electric', 'dark']",58,95,58,70,58,97,11.81,6.61,378
Cufant,['steel'],72,80,49,40,49,40,47.24,220.46,258
Copperajah,['steel'],122,130,69,80,69,30,118.11,1433.0,378
Dracozolt,"['electric', 'dragon']",90,100,90,80,70,75,70.87,418.88,415
Arctozolt,"['electric', 'ice']",90,100,90,90,80,55,90.55,330.69,415
Dracovish,"['water', 'dragon']",90,90,100,70,80,75,90.55,473.99,415
Arctovish,"['water', 'ice']",90,90,100,80,90,55,78.74,385.81,415
Duraludon,"['steel', 'dragon']",70,95,115,120,50,85,70.87,88.18,465
Dreepy,"['dragon', 'ghost']",28,60,30,40,30,82,19.69,4.41,242
Drakloak,"['dragon', 'ghost']",68,80,50,60,50,102,55.12,24.25,342
Dragapult,"['dragon', 'ghost']",88,120,75,100,75,142,118.11,110.23,512
Zacian,['fairy'],92,130,115,80,115,138,110.24,242.51,578
Zamazenta,['fighting'],92,130,115,80,115,138,114.17,462.97,578
Eternatus,"['poison', 'dragon']",140,85,95,145,95,130,787.4,2094.39,550
Kubfu,['fighting'],60,90,60,53,50,72,23.62,26.46,325
Urshifu-single-strike,"['fighting', 'dark']",100,130,100,63,60,97,74.8,231.49,450
Zarude,"['dark', 'grass']",105,120,105,70,95,105,70.87,154.32,495
Regieleki,['electric'],80,100,50,100,50,200,47.24,319.67,500
Regidrago,['dragon'],200,100,50,100,50,80,82.68,440.92,380
Glastrier,['ice'],100,145,130,65,110,30,86.61,1763.7,480
Spectrier,['ghost'],100,65,60,145,80,130,78.74,98.11,480
Calyrex,"['psychic', 'grass']",100,80,80,80,80,80,43.31,16.98,400
