name,type,hp,attack,defense,special_attack,special_defense,speed,height,weight
bulbasaur,"['grass', 'poison']",45,49,49,65,65,45,27.56,15.21
ivysaur,"['grass', 'poison']",60,62,63,80,80,60,39.37,28.66
venusaur,"['grass', 'poison']",80,82,83,100,100,80,78.74,220.46
charmander,['fire'],39,52,43,60,50,65,23.62,18.74
charmeleon,['fire'],58,64,58,80,65,80,43.31,41.89
charizard,"['fire', 'flying']",78,84,78,109,85,100,66.93,199.52
squirtle,['water'],44,48,65,50,64,43,19.69,19.84
wartortle,['water'],59,63,80,65,80,58,39.37,49.6
blastoise,['water'],79,83,100,85,105,78,62.99,188.5
caterpie,['bug'],45,30,35,20,20,45,11.81,6.39
metapod,['bug'],50,20,55,25,25,30,27.56,21.83
butterfree,"['bug', 'flying']",60,45,50,90,80,70,43.31,70.55
weedle,"['bug', 'poison']",40,35,30,20,20,50,11.81,7.05
kakuna,"['bug', 'poison']",45,25,50,25,25,35,23.62,22.05
beedrill,"['bug', 'poison']",65,90,40,45,80,75,39.37,65.04
pidgey,"['normal', 'flying']",40,45,40,35,35,56,11.81,3.97
pidgeotto,"['normal', 'flying']",63,60,55,50,50,71,43.31,66.14
pidgeot,"['normal', 'flying']",83,80,75,70,70,101,59.06,87.08
rattata,['normal'],30,56,35,25,35,72,11.81,7.72
raticate,['normal'],55,81,60,50,70,97,27.56,40.79
spearow,"['normal', 'flying']",40,60,30,31,31,70,11.81,4.41
fearow,"['normal', 'flying']",65,90,65,61,61,100,47.24,83.78
ekans,['poison'],35,60,44,40,54,55,78.74,15.21
arbok,['poison'],60,95,69,65,79,80,137.8,143.3
pikachu,['electric'],35,55,40,50,50,90,15.75,13.23
raichu,['electric'],60,90,55,90,80,110,31.5,66.14
sandshrew,['ground'],50,75,85,20,30,40,23.62,26.46
sandslash,['ground'],75,100,110,45,55,65,39.37,65.04
nidoran-f,['poison'],55,47,52,40,40,41,15.75,15.43
nidorina,['poison'],70,62,67,55,55,56,31.5,44.09
nidoqueen,"['poison', 'ground']",90,92,87,75,85,76,51.18,132.28
nidoran-m,['poison'],46,57,40,40,40,50,19.69,19.84
nidorino,['poison'],61,72,57,55,55,65,35.43,42.99
nidoking,"['poison', 'ground']",81,102,77,85,75,85,55.12,136.69
clefairy,['fairy'],70,45,48,60,65,35,23.62,16.53
clefable,['fairy'],95,70,73,95,90,60,51.18,88.18
vulpix,['fire'],38,41,40,50,65,65,23.62,21.83
ninetales,['fire'],73,76,75,81,100,100,43.31,43.87
jigglypuff,"['normal', 'fairy']",115,45,20,45,25,20,19.69,12.13
wigglytuff,"['normal', 'fairy']",140,70,45,85,50,45,39.37,26.46
zubat,"['poison', 'flying']",40,45,35,30,40,55,31.5,16.53
golbat,"['poison', 'flying']",75,80,70,65,75,90,62.99,121.25
oddish,"['grass', 'poison']",45,50,55,75,65,30,19.69,11.9
gloom,"['grass', 'poison']",60,65,70,85,75,40,31.5,18.96
vileplume,"['grass', 'poison']",75,80,85,110,90,50,47.24,41.01
paras,"['bug', 'grass']",35,70,55,45,55,25,11.81,11.9
parasect,"['bug', 'grass']",60,95,80,60,80,30,39.37,65.04
venonat,"['bug', 'poison']",60,55,50,40,55,45,39.37,66.14
venomoth,"['bug', 'poison']",70,65,60,90,75,90,59.06,27.56
diglett,['ground'],10,55,25,35,45,95,7.87,1.76
dugtrio,['ground'],35,100,50,50,70,120,27.56,73.41
meowth,['normal'],40,45,35,40,40,90,15.75,9.26
persian,['normal'],65,70,60,65,65,115,39.37,70.55
psyduck,['water'],50,52,48,65,50,55,31.5,43.21
golduck,['water'],80,82,78,95,80,85,66.93,168.87
mankey,['fighting'],40,80,35,35,45,70,19.69,61.73
primeape,['fighting'],65,105,60,60,70,95,39.37,70.55
growlithe,['fire'],55,70,45,70,50,60,27.56,41.89
arcanine,['fire'],90,110,80,100,80,95,74.8,341.72
poliwag,['water'],40,50,40,40,40,90,23.62,27.34
poliwhirl,['water'],65,65,65,50,50,90,39.37,44.09
poliwrath,"['water', 'fighting']",90,95,95,70,90,70,51.18,119.05
abra,['psychic'],25,20,15,105,55,90,35.43,42.99
kadabra,['psychic'],40,35,30,120,70,105,51.18,124.56
alakazam,['psychic'],55,50,45,135,95,120,59.06,105.82
machop,['fighting'],70,80,50,35,35,35,31.5,42.99
machoke,['fighting'],80,100,70,50,60,45,59.06,155.43
machamp,['fighting'],90,130,80,65,85,55,62.99,286.6
bellsprout,"['grass', 'poison']",50,75,35,70,30,40,27.56,8.82
weepinbell,"['grass', 'poison']",65,90,50,85,45,55,39.37,14.11
victreebel,"['grass', 'poison']",80,105,65,100,70,70,66.93,34.17
tentacool,"['water', 'poison']",40,40,35,50,100,70,35.43,100.31
tentacruel,"['water', 'poison']",80,70,65,80,120,100,62.99,121.25
geodude,"['rock', 'ground']",40,80,100,30,30,20,15.75,44.09
graveler,"['rock', 'ground']",55,95,115,45,45,35,39.37,231.49
golem,"['rock', 'ground']",80,120,130,55,65,45,55.12,661.39
ponyta,['fire'],50,85,55,65,65,90,39.37,66.14
rapidash,['fire'],65,100,70,80,80,105,66.93,209.44
slowpoke,"['water', 'psychic']",90,65,65,40,40,15,47.24,79.37
slowbro,"['water', 'psychic']",95,75,110,100,80,30,62.99,173.06
magnemite,"['electric', 'steel']",25,35,70,95,55,45,11.81,13.23
magneton,"['electric', 'steel']",50,60,95,120,70,70,39.37,132.28
farfetchd,"['normal', 'flying']",52,90,55,58,62,60,31.5,33.07
doduo,"['normal', 'flying']",35,85,45,35,35,75,55.12,86.42
dodrio,"['normal', 'flying']",60,110,70,60,60,110,70.87,187.83
seel,['water'],65,45,55,45,70,45,43.31,198.42
dewgong,"['water', 'ice']",90,70,80,70,95,70,66.93,264.55
grimer,['poison'],80,80,50,40,50,25,35.43,66.14
muk,['poison'],105,105,75,65,100,50,47.24,66.14
shellder,['water'],30,65,100,45,25,40,11.81,8.82
cloyster,"['water', 'ice']",50,95,180,85,45,70,59.06,292.11
gastly,"['ghost', 'poison']",30,35,30,100,35,80,51.18,0.22
haunter,"['ghost', 'poison']",45,50,45,115,55,95,62.99,0.22
gengar,"['ghost', 'poison']",60,65,60,130,75,110,59.06,89.29
onix,"['rock', 'ground']",35,45,160,30,45,70,346.46,462.97
drowzee,['psychic'],60,48,45,43,90,42,39.37,71.43
hypno,['psychic'],85,73,70,73,115,67,62.99,166.67
krabby,['water'],30,105,90,25,25,50,15.75,14.33
kingler,['water'],55,130,115,50,50,75,51.18,132.28
voltorb,['electric'],40,30,50,55,55,100,19.69,22.93
electrode,['electric'],60,50,70,80,80,150,47.24,146.83
exeggcute,"['grass', 'psychic']",60,40,80,60,45,40,15.75,5.51
exeggutor,"['grass', 'psychic']",95,95,85,125,75,55,78.74,264.55
cubone,['ground'],50,50,95,40,50,35,15.75,14.33
marowak,['ground'],60,80,110,50,80,45,39.37,99.21
hitmonlee,['fighting'],50,120,53,35,110,87,59.06,109.79
hitmonchan,['fighting'],50,105,79,35,110,76,55.12,110.67
lickitung,['normal'],90,55,75,60,75,30,47.24,144.4
koffing,['poison'],40,65,95,60,45,35,23.62,2.2
weezing,['poison'],65,90,120,85,70,60,47.24,20.94
rhyhorn,"['ground', 'rock']",80,85,95,30,30,25,39.37,253.53
rhydon,"['ground', 'rock']",105,130,120,45,45,40,74.8,264.55
chansey,['normal'],250,5,5,35,105,50,43.31,76.28
tangela,['grass'],65,55,115,100,40,60,39.37,77.16
kangaskhan,['normal'],105,95,80,40,80,90,86.61,176.37
horsea,['water'],30,40,70,70,25,60,15.75,17.64
seadra,['water'],55,65,95,95,45,85,47.24,55.12
goldeen,['water'],45,67,60,35,50,63,23.62,33.07
seaking,['water'],80,92,65,65,80,68,51.18,85.98
staryu,['water'],30,45,55,70,55,85,31.5,76.06
starmie,"['water', 'psychic']",60,75,85,100,85,115,43.31,176.37
mr-mime,"['psychic', 'fairy']",40,45,65,100,120,90,51.18,120.15
scyther,"['bug', 'flying']",70,110,80,55,80,105,59.06,123.46
jynx,"['ice', 'psychic']",65,50,35,115,95,95,55.12,89.51
electabuzz,['electric'],65,83,57,95,85,105,43.31,66.14
magmar,['fire'],65,95,57,100,85,93,51.18,98.11
pinsir,['bug'],65,125,100,55,70,85,59.06,121.25
tauros,['normal'],75,100,95,40,70,110,55.12,194.89
magikarp,['water'],20,10,55,15,20,80,35.43,22.05
gyarados,"['water', 'flying']",95,125,79,60,100,81,255.91,518.09
lapras,"['water', 'ice']",130,85,80,85,95,60,98.43,485.02
ditto,['normal'],48,48,48,48,48,48,11.81,8.82
eevee,['normal'],55,55,50,45,65,55,11.81,14.33
vaporeon,['water'],130,65,60,110,95,65,39.37,63.93
jolteon,['electric'],65,65,60,110,95,130,31.5,54.01
flareon,['fire'],65,130,60,95,110,65,35.43,55.12
porygon,['normal'],65,60,70,85,75,40,31.5,80.47
omanyte,"['rock', 'water']",35,40,100,90,55,35,15.75,16.53
omastar,"['rock', 'water']",70,60,125,115,70,55,39.37,77.16
kabuto,"['rock', 'water']",30,80,90,55,45,55,19.69,25.35
kabutops,"['rock', 'water']",60,115,105,65,70,80,51.18,89.29
aerodactyl,"['rock', 'flying']",80,105,65,60,75,130,70.87,130.07
snorlax,['normal'],160,110,65,65,110,30,82.68,1014.13
articuno,"['ice', 'flying']",90,85,100,95,125,85,66.93,122.14
zapdos,"['electric', 'flying']",90,90,85,125,90,100,62.99,115.96
moltres,"['fire', 'flying']",90,100,90,125,85,90,78.74,132.28
dratini,['dragon'],41,64,45,50,50,50,70.87,7.28
dragonair,['dragon'],61,84,65,70,70,70,157.48,36.38
dragonite,"['dragon', 'flying']",91,134,95,100,100,80,86.61,462.97
mewtwo,['psychic'],106,110,90,154,90,130,78.74,268.96
mew,['psychic'],100,100,100,100,100,100,15.75,8.82
chikorita,['grass'],45,49,65,49,65,45,35.43,14.11
bayleef,['grass'],60,62,80,63,80,60,47.24,34.83
meganium,['grass'],80,82,100,83,100,80,70.87,221.56
cyndaquil,['fire'],39,52,43,60,50,65,19.69,17.42
quilava,['fire'],58,64,58,80,65,80,35.43,41.89
typhlosion,['fire'],78,84,78,109,85,100,66.93,175.27
totodile,['water'],50,65,64,44,48,43,23.62,20.94
croconaw,['water'],65,80,80,59,63,58,43.31,55.12
feraligatr,['water'],85,105,100,79,83,78,90.55,195.77
sentret,['normal'],35,46,34,35,45,20,31.5,13.23
furret,['normal'],85,76,64,45,55,90,70.87,71.65
hoothoot,"['normal', 'flying']",60,30,30,36,56,50,27.56,46.74
noctowl,"['normal', 'flying']",100,50,50,86,96,70,62.99,89.95
ledyba,"['bug', 'flying']",40,20,30,40,80,55,39.37,23.81
ledian,"['bug', 'flying']",55,35,50,55,110,85,55.12,78.48
spinarak,"['bug', 'poison']",40,60,40,40,40,30,19.69,18.74
ariados,"['bug', 'poison']",70,90,70,60,70,40,43.31,73.85
crobat,"['poison', 'flying']",85,90,80,70,80,130,70.87,165.35
chinchou,"['water', 'electric']",75,38,38,56,56,67,19.69,26.46
lanturn,"['water', 'electric']",125,58,58,76,76,67,47.24,49.6
pichu,['electric'],20,40,15,35,35,60,11.81,4.41
cleffa,['fairy'],50,25,28,45,55,15,11.81,6.61
igglybuff,"['normal', 'fairy']",90,30,15,40,20,15,11.81,2.2
togepi,['fairy'],35,20,65,40,65,20,11.81,3.31
togetic,"['fairy', 'flying']",55,40,85,80,105,40,23.62,7.05
natu,"['psychic', 'flying']",40,50,45,70,45,70,7.87,4.41
xatu,"['psychic', 'flying']",65,75,70,95,70,95,59.06,33.07
mareep,['electric'],55,40,40,65,45,35,23.62,17.2
flaaffy,['electric'],70,55,55,80,60,45,31.5,29.32
ampharos,['electric'],90,75,85,115,90,55,55.12,135.58
bellossom,['grass'],75,80,95,90,100,50,15.75,12.79
marill,"['water', 'fairy']",70,20,50,20,50,40,15.75,18.74
azumarill,"['water', 'fairy']",100,50,80,60,80,50,31.5,62.83
sudowoodo,['rock'],70,100,115,30,65,30,47.24,83.78
politoed,['water'],90,75,75,90,100,70,43.31,74.74
hoppip,"['grass', 'flying']",35,35,40,35,55,50,15.75,1.1
skiploom,"['grass', 'flying']",55,45,50,45,65,80,23.62,2.2
jumpluff,"['grass', 'flying']",75,55,70,55,95,110,31.5,6.61
aipom,['normal'],55,70,55,40,55,85,31.5,25.35
sunkern,['grass'],30,30,30,30,30,30,11.81,3.97
sunflora,['grass'],75,75,55,105,85,30,31.5,18.74
yanma,"['bug', 'flying']",65,65,45,75,45,95,47.24,83.78
wooper,"['water', 'ground']",55,45,45,25,25,15,15.75,18.74
quagsire,"['water', 'ground']",95,85,85,65,65,35,55.12,165.35
espeon,['psychic'],65,65,60,130,95,110,35.43,58.42
umbreon,['dark'],95,65,110,60,130,65,39.37,59.52
murkrow,"['dark', 'flying']",60,85,42,85,42,91,19.69,4.63
slowking,"['water', 'psychic']",95,75,80,100,110,30,78.74,175.27
misdreavus,['ghost'],60,60,60,85,85,85,27.56,2.2
unown,['psychic'],48,72,48,72,48,48,19.69,11.02
wobbuffet,['psychic'],190,33,58,33,58,33,51.18,62.83
girafarig,"['normal', 'psychic']",70,80,65,90,65,85,59.06,91.49
pineco,['bug'],50,65,90,35,35,15,23.62,15.87
forretress,"['bug', 'steel']",75,90,140,60,60,40,47.24,277.34
dunsparce,['normal'],100,70,70,65,65,45,59.06,30.86
gligar,"['ground', 'flying']",65,75,105,35,65,85,43.31,142.86
steelix,"['steel', 'ground']",75,85,200,55,65,30,362.2,881.85
snubbull,['fairy'],60,80,50,40,40,30,23.62,17.2
granbull,['fairy'],90,120,75,60,60,45,55.12,107.36
qwilfish,"['water', 'poison']",65,95,85,55,55,85,19.69,8.6
scizor,"['bug', 'steel']",70,130,100,55,80,65,70.87,260.15
shuckle,"['bug', 'rock']",20,10,230,10,230,5,23.62,45.19
heracross,"['bug', 'fighting']",80,125,75,40,95,85,59.06,119.05
sneasel,"['dark', 'ice']",55,95,55,35,75,115,35.43,61.73
teddiursa,['normal'],60,80,50,50,50,40,23.62,19.4
ursaring,['normal'],90,130,75,75,75,55,70.87,277.34
slugma,['fire'],40,40,40,70,40,20,27.56,77.16
magcargo,"['fire', 'rock']",60,50,120,90,80,30,31.5,121.25
swinub,"['ice', 'ground']",50,50,40,30,30,50,15.75,14.33
piloswine,"['ice', 'ground']",100,100,80,60,60,50,43.31,123.02
corsola,"['water', 'rock']",65,55,95,65,95,35,23.62,11.02
remoraid,['water'],35,65,35,65,35,65,23.62,26.46
octillery,['water'],75,105,75,105,75,45,35.43,62.83
delibird,"['ice', 'flying']",45,55,45,65,45,75,35.43,35.27
mantine,"['water', 'flying']",85,40,70,80,140,70,82.68,485.02
skarmory,"['steel', 'flying']",65,80,140,40,70,70,66.93,111.33
houndour,"['dark', 'fire']",45,60,30,80,50,65,23.62,23.81
houndoom,"['dark', 'fire']",75,90,50,110,80,95,55.12,77.16
kingdra,"['water', 'dragon']",75,95,95,95,95,85,70.87,335.1
phanpy,['ground'],90,60,60,40,40,40,19.69,73.85
donphan,['ground'],90,120,120,60,60,50,43.31,264.55
porygon2,['normal'],85,80,90,105,95,60,23.62,71.65
stantler,['normal'],73,95,62,85,65,85,55.12,156.97
smeargle,['normal'],55,20,35,20,45,75,47.24,127.87
tyrogue,['fighting'],35,35,35,35,35,35,27.56,46.3
hitmontop,['fighting'],50,95,95,35,110,70,55.12,105.82
smoochum,"['ice', 'psychic']",45,30,15,85,65,65,15.75,13.23
elekid,['electric'],45,63,37,65,55,95,23.62,51.81
magby,['fire'],45,75,37,70,55,83,27.56,47.18
miltank,['normal'],95,80,105,40,70,100,47.24,166.45
blissey,['normal'],255,10,10,75,135,55,59.06,103.18
raikou,['electric'],90,85,75,115,100,115,74.8,392.42
entei,['fire'],115,115,85,90,75,100,82.68,436.51
suicune,['water'],100,75,115,90,115,85,78.74,412.26
larvitar,"['rock', 'ground']",50,64,50,45,50,41,23.62,158.73
pupitar,"['rock', 'ground']",70,84,70,65,70,51,47.24,335.1
tyranitar,"['rock', 'dark']",100,134,110,95,100,61,78.74,445.33
lugia,"['psychic', 'flying']",106,90,130,90,154,110,204.72,476.2
ho-oh,"['fire', 'flying']",106,130,90,110,154,90,149.61,438.72
celebi,"['psychic', 'grass']",100,100,100,100,100,100,23.62,11.02
treecko,['grass'],40,45,35,65,55,70,19.69,11.02
grovyle,['grass'],50,65,45,85,65,95,35.43,47.62
sceptile,['grass'],70,85,65,105,85,120,66.93,115.08
torchic,['fire'],45,60,40,70,50,45,15.75,5.51
combusken,"['fire', 'fighting']",60,85,60,85,60,55,35.43,42.99
blaziken,"['fire', 'fighting']",80,120,70,110,70,80,74.8,114.64
mudkip,['water'],50,70,50,50,50,40,15.75,16.76
marshtomp,"['water', 'ground']",70,85,70,60,70,50,27.56,61.73
swampert,"['water', 'ground']",100,110,90,85,90,60,59.06,180.56
poochyena,['dark'],35,55,35,30,30,35,19.69,29.98
mightyena,['dark'],70,90,70,60,60,70,39.37,81.57
zigzagoon,['normal'],38,30,41,30,41,60,15.75,38.58
linoone,['normal'],78,70,61,50,61,100,19.69,71.65
wurmple,['bug'],45,45,35,20,30,20,11.81,7.94
silcoon,['bug'],50,35,55,25,25,15,23.62,22.05
beautifly,"['bug', 'flying']",60,70,50,100,50,65,39.37,62.61
cascoon,['bug'],50,35,55,25,25,15,27.56,25.35
dustox,"['bug', 'poison']",60,50,70,50,90,65,47.24,69.67
lotad,"['water', 'grass']",40,30,30,40,50,30,19.69,5.73
lombre,"['water', 'grass']",60,50,50,60,70,50,47.24,71.65
ludicolo,"['water', 'grass']",80,70,70,90,100,70,59.06,121.25
seedot,['grass'],40,40,50,30,30,30,19.69,8.82
nuzleaf,"['grass', 'dark']",70,70,40,60,40,60,39.37,61.73
shiftry,"['grass', 'dark']",90,100,60,90,60,80,51.18,131.4
taillow,"['normal', 'flying']",40,55,30,30,30,85,11.81,5.07
swellow,"['normal', 'flying']",60,85,60,75,50,125,27.56,43.65
wingull,"['water', 'flying']",40,30,30,55,30,85,23.62,20.94
pelipper,"['water', 'flying']",60,50,100,95,70,65,47.24,61.73
ralts,"['psychic', 'fairy']",28,25,25,45,35,40,15.75,14.55
kirlia,"['psychic', 'fairy']",38,35,35,65,55,50,31.5,44.53
gardevoir,"['psychic', 'fairy']",68,65,65,125,115,80,62.99,106.7
surskit,"['bug', 'water']",40,30,32,50,52,65,19.69,3.75
masquerain,"['bug', 'flying']",70,60,62,100,82,80,31.5,7.94
shroomish,['grass'],60,40,60,40,60,35,15.75,9.92
breloom,"['grass', 'fighting']",60,130,80,60,60,70,47.24,86.42
slakoth,['normal'],60,60,60,35,35,30,31.5,52.91
vigoroth,['normal'],80,80,80,55,55,90,55.12,102.51
slaking,['normal'],150,160,100,95,65,100,78.74,287.7
nincada,"['bug', 'ground']",31,45,90,30,30,40,19.69,12.13
ninjask,"['bug', 'flying']",61,90,45,50,50,160,31.5,26.46
shedinja,"['bug', 'ghost']",1,90,45,30,30,40,31.5,2.65
whismur,['normal'],64,51,23,51,23,28,23.62,35.94
loudred,['normal'],84,71,43,71,43,48,39.37,89.29
exploud,['normal'],104,91,63,91,73,68,59.06,185.19
makuhita,['fighting'],72,60,30,20,30,25,39.37,190.48
hariyama,['fighting'],144,120,60,40,60,50,90.55,559.53
azurill,"['normal', 'fairy']",50,20,40,20,40,20,7.87,4.41
nosepass,['rock'],30,45,135,45,90,30,39.37,213.85
skitty,['normal'],50,45,45,35,35,50,23.62,24.25
delcatty,['normal'],70,65,65,55,55,90,43.31,71.87
sableye,"['dark', 'ghost']",50,75,75,65,65,50,19.69,24.25
mawile,"['steel', 'fairy']",50,85,85,55,55,50,23.62,25.35
aron,"['steel', 'rock']",50,70,100,40,40,30,15.75,132.28
lairon,"['steel', 'rock']",60,90,140,50,50,40,35.43,264.55
aggron,"['steel', 'rock']",70,110,180,60,60,50,82.68,793.66
meditite,"['fighting', 'psychic']",30,40,55,40,55,60,23.62,24.69
medicham,"['fighting', 'psychic']",60,60,75,60,75,80,51.18,69.45
electrike,['electric'],40,45,40,65,40,65,23.62,33.51
manectric,['electric'],70,75,60,105,60,105,59.06,88.63
plusle,['electric'],60,50,40,85,75,95,15.75,9.26
minun,['electric'],60,40,50,75,85,95,15.75,9.26
volbeat,['bug'],65,73,75,47,85,85,27.56,39.02
illumise,['bug'],65,47,75,73,85,85,23.62,39.02
roselia,"['grass', 'poison']",50,60,45,100,80,65,11.81,4.41
gulpin,['poison'],70,43,53,43,53,40,15.75,22.71
swalot,['poison'],100,73,83,73,83,55,66.93,176.37
carvanha,"['water', 'dark']",45,90,20,65,20,65,31.5,45.86
sharpedo,"['water', 'dark']",70,120,40,95,40,95,70.87,195.77
wailmer,['water'],130,70,35,70,35,60,78.74,286.6
wailord,['water'],170,90,45,90,45,60,570.87,877.44
numel,"['fire', 'ground']",60,60,40,65,45,35,27.56,52.91
camerupt,"['fire', 'ground']",70,100,70,105,75,40,74.8,485.02
torkoal,['fire'],70,85,140,85,70,20,19.69,177.25
spoink,['psychic'],60,25,35,70,80,60,27.56,67.46
grumpig,['psychic'],80,45,65,90,110,80,35.43,157.63
spinda,['normal'],60,60,60,60,60,60,43.31,11.02
trapinch,['ground'],45,100,45,45,45,10,27.56,33.07
vibrava,"['ground', 'dragon']",50,70,50,50,50,70,43.31,33.73
flygon,"['ground', 'dragon']",80,100,80,80,80,100,78.74,180.78
cacnea,['grass'],50,85,40,85,40,35,15.75,113.1
cacturne,"['grass', 'dark']",70,115,60,115,60,55,51.18,170.64
swablu,"['normal', 'flying']",45,40,60,40,75,50,15.75,2.65
altaria,"['dragon', 'flying']",75,70,90,70,105,80,43.31,45.42
zangoose,['normal'],73,115,60,60,60,90,51.18,88.85
seviper,['poison'],73,100,60,100,60,65,106.3,115.74
lunatone,"['rock', 'psychic']",90,55,65,95,85,70,39.37,370.38
solrock,"['rock', 'psychic']",90,95,85,55,65,70,47.24,339.51
barboach,"['water', 'ground']",50,48,43,46,41,60,15.75,4.19
whiscash,"['water', 'ground']",110,78,73,76,71,60,35.43,52.03
corphish,['water'],43,80,65,50,35,35,23.62,25.35
crawdaunt,"['water', 'dark']",63,120,85,90,55,55,43.31,72.31
baltoy,"['ground', 'psychic']",40,40,55,40,70,55,19.69,47.4
claydol,"['ground', 'psychic']",60,70,105,70,120,75,59.06,238.1
lileep,"['rock', 'grass']",66,41,77,61,87,23,39.37,52.47
cradily,"['rock', 'grass']",86,81,97,81,107,43,59.06,133.16
anorith,"['rock', 'bug']",45,95,50,40,50,75,27.56,27.56
armaldo,"['rock', 'bug']",75,125,100,70,80,45,59.06,150.36
feebas,['water'],20,15,20,10,55,80,23.62,16.31
milotic,['water'],95,60,79,100,125,81,244.09,357.15
castform,['normal'],70,70,70,70,70,70,11.81,1.76
kecleon,['normal'],60,90,70,60,120,40,39.37,48.5
shuppet,['ghost'],44,75,35,63,33,45,23.62,5.07
banette,['ghost'],64,115,65,83,63,65,43.31,27.56
duskull,['ghost'],20,40,90,30,90,25,31.5,33.07
dusclops,['ghost'],40,70,130,60,130,25,62.99,67.46
tropius,"['grass', 'flying']",99,68,83,72,87,51,78.74,220.46
chimecho,['psychic'],75,50,80,95,90,65,23.62,2.2
absol,['dark'],65,130,60,75,60,75,47.24,103.62
wynaut,['psychic'],95,23,48,23,48,23,23.62,30.86
snorunt,['ice'],50,50,50,50,50,50,27.56,37.04
glalie,['ice'],80,80,80,80,80,80,59.06,565.49
spheal,"['ice', 'water']",70,40,50,55,50,25,31.5,87.08
sealeo,"['ice', 'water']",90,60,70,75,70,45,43.31,193.12
walrein,"['ice', 'water']",110,80,90,95,90,65,55.12,332.02
clamperl,['water'],35,64,85,74,55,32,15.75,115.74
huntail,['water'],55,104,105,94,75,52,66.93,59.52
gorebyss,['water'],55,84,105,114,75,52,70.87,49.82
relicanth,"['water', 'rock']",100,90,130,45,65,55,39.37,51.59
luvdisc,['water'],43,30,55,40,65,97,23.62,19.18
bagon,['dragon'],45,75,60,40,30,50,23.62,92.81
shelgon,['dragon'],65,95,100,60,50,50,43.31,243.61
salamence,"['dragon', 'flying']",95,135,80,110,80,100,59.06,226.19
beldum,"['steel', 'psychic']",40,55,80,35,60,30,23.62,209.88
metang,"['steel', 'psychic']",60,75,100,55,80,50,47.24,446.44
metagross,"['steel', 'psychic']",80,135,130,95,90,70,62.99,1212.54
regirock,['rock'],80,100,200,50,100,50,66.93,507.06
regice,['ice'],80,50,100,100,200,50,70.87,385.81
registeel,['steel'],80,75,150,75,150,50,74.8,451.95
latias,"['dragon', 'psychic']",80,80,90,110,130,110,55.12,88.18
latios,"['dragon', 'psychic']",80,90,80,130,110,110,78.74,132.28
kyogre,['water'],100,100,90,150,140,90,177.17,776.03
groudon,['ground'],100,150,140,100,90,90,137.8,2094.39
rayquaza,"['dragon', 'flying']",105,150,90,150,90,95,275.59,455.25
jirachi,"['steel', 'psychic']",100,100,100,100,100,100,11.81,2.43
deoxys-normal,['psychic'],50,150,50,150,50,150,66.93,134.04
turtwig,['grass'],55,68,64,45,55,31,15.75,22.49
grotle,['grass'],75,89,85,55,65,36,43.31,213.85
torterra,"['grass', 'ground']",95,109,105,75,85,56,86.61,683.43
chimchar,['fire'],44,58,44,58,44,61,19.69,13.67
monferno,"['fire', 'fighting']",64,78,52,78,52,81,35.43,48.5
infernape,"['fire', 'fighting']",76,104,71,104,71,108,47.24,121.25
piplup,['water'],53,51,53,61,56,40,15.75,11.46
prinplup,['water'],64,66,68,81,76,50,31.5,50.71
empoleon,"['water', 'steel']",84,86,88,111,101,60,66.93,186.29
starly,"['normal', 'flying']",40,55,30,30,30,60,11.81,4.41
staravia,"['normal', 'flying']",55,75,50,40,40,80,23.62,34.17
staraptor,"['normal', 'flying']",85,120,70,50,60,100,47.24,54.9
bidoof,['normal'],59,45,40,35,40,31,19.69,44.09
bibarel,"['normal', 'water']",79,85,60,55,60,71,39.37,69.45
kricketot,['bug'],37,25,41,25,41,25,11.81,4.85
kricketune,['bug'],77,85,51,55,51,65,39.37,56.22
shinx,['electric'],45,65,34,40,34,45,19.69,20.94
luxio,['electric'],60,85,49,60,49,60,35.43,67.24
luxray,['electric'],80,120,79,95,79,70,55.12,92.59
budew,"['grass', 'poison']",40,30,35,50,70,55,7.87,2.65
roserade,"['grass', 'poison']",60,70,65,125,105,90,35.43,31.97
cranidos,['rock'],67,125,40,30,30,58,35.43,69.45
rampardos,['rock'],97,165,60,65,50,58,62.99,225.97
shieldon,"['rock', 'steel']",30,42,118,42,88,30,19.69,125.66
bastiodon,"['rock', 'steel']",60,52,168,47,138,30,51.18,329.59
burmy,['bug'],40,29,45,29,45,36,7.87,7.5
wormadam-plant,"['bug', 'grass']",60,59,85,79,105,36,19.69,14.33
mothim,"['bug', 'flying']",70,94,50,94,50,66,35.43,51.37
combee,"['bug', 'flying']",30,30,42,30,42,70,11.81,12.13
vespiquen,"['bug', 'flying']",70,80,102,80,102,40,47.24,84.88
pachirisu,['electric'],60,45,70,45,90,95,15.75,8.6
buizel,['water'],55,65,35,60,30,85,27.56,65.04
floatzel,['water'],85,105,55,85,50,115,43.31,73.85
cherubi,['grass'],45,35,45,62,53,35,15.75,7.28
cherrim,['grass'],70,60,70,87,78,85,19.69,20.5
shellos,['water'],76,48,48,57,62,34,11.81,13.89
gastrodon,"['water', 'ground']",111,83,68,92,82,39,35.43,65.92
ambipom,['normal'],75,100,66,60,66,115,47.24,44.75
drifloon,"['ghost', 'flying']",90,50,34,60,44,70,15.75,2.65
drifblim,"['ghost', 'flying']",150,80,44,90,54,80,47.24,33.07
buneary,['normal'],55,66,44,44,56,85,15.75,12.13
lopunny,['normal'],65,76,84,54,96,105,47.24,73.41
mismagius,['ghost'],60,60,60,105,105,105,35.43,9.7
honchkrow,"['dark', 'flying']",100,125,52,105,52,71,35.43,60.19
glameow,['normal'],49,55,42,42,37,85,19.69,8.6
purugly,['normal'],71,82,64,64,59,112,39.37,96.56
chingling,['psychic'],45,30,50,65,50,45,7.87,1.32
stunky,"['poison', 'dark']",63,63,47,41,41,74,15.75,42.33
skuntank,"['poison', 'dark']",103,93,67,71,61,84,39.37,83.78
bronzor,"['steel', 'psychic']",57,24,86,24,86,23,19.69,133.38
bronzong,"['steel', 'psychic']",67,89,116,79,116,33,51.18,412.26
bonsly,['rock'],50,80,95,10,45,10,19.69,33.07
mime-jr,"['psychic', 'fairy']",20,25,45,70,90,60,23.62,28.66
happiny,['normal'],100,5,5,15,65,30,23.62,53.79
chatot,"['normal', 'flying']",76,65,45,92,42,91,19.69,4.19
spiritomb,"['ghost', 'dark']",50,92,108,92,108,35,39.37,238.1
gible,"['dragon', 'ground']",58,70,45,40,45,42,27.56,45.19
gabite,"['dragon', 'ground']",68,90,65,50,55,82,55.12,123.46
garchomp,"['dragon', 'ground']",108,130,95,80,85,102,74.8,209.44
munchlax,['normal'],135,85,40,40,85,5,23.62,231.49
riolu,['fighting'],40,70,40,35,40,60,27.56,44.53
lucario,"['fighting', 'steel']",70,110,70,115,70,90,47.24,119.05
hippopotas,['ground'],68,72,78,38,42,32,31.5,109.13
hippowdon,['ground'],108,112,118,68,72,47,78.74,661.39
skorupi,"['poison', 'bug']",40,50,90,30,55,65,31.5,26.46
drapion,"['poison', 'dark']",70,90,110,60,75,95,51.18,135.58
croagunk,"['poison', 'fighting']",48,61,40,61,40,50,27.56,50.71
toxicroak,"['poison', 'fighting']",83,106,65,86,65,85,51.18,97.89
carnivine,['grass'],74,100,72,90,72,46,55.12,59.52
finneon,['water'],49,49,56,49,61,66,15.75,15.43
lumineon,['water'],69,69,76,69,86,91,47.24,52.91
mantyke,"['water', 'flying']",45,20,50,60,120,50,39.37,143.3
snover,"['grass', 'ice']",60,62,50,62,60,40,39.37,111.33
abomasnow,"['grass', 'ice']",90,92,75,92,85,60,86.61,298.73
weavile,"['dark', 'ice']",70,120,65,45,85,125,43.31,74.96
magnezone,"['electric', 'steel']",70,70,115,130,90,60,47.24,396.83
lickilicky,['normal'],110,85,95,80,95,50,66.93,308.65
rhyperior,"['ground', 'rock']",115,140,130,55,55,40,94.49,623.47
tangrowth,['grass'],100,100,125,110,50,50,78.74,283.51
electivire,['electric'],75,123,67,95,85,95,70.87,305.56
magmortar,['fire'],75,95,67,125,95,83,62.99,149.91
togekiss,"['fairy', 'flying']",85,50,95,120,115,80,59.06,83.78
yanmega,"['bug', 'flying']",86,76,86,116,56,95,74.8,113.54
leafeon,['grass'],65,110,130,60,65,95,39.37,56.22
glaceon,['ice'],65,60,110,130,95,65,31.5,57.1
gliscor,"['ground', 'flying']",75,95,125,45,75,95,78.74,93.7
mamoswine,"['ice', 'ground']",110,130,80,70,60,80,98.43,641.54
porygon-z,['normal'],85,80,70,135,75,90,35.43,74.96
gallade,"['psychic', 'fighting']",68,125,65,65,115,80,62.99,114.64
probopass,"['rock', 'steel']",60,55,145,75,150,40,55.12,749.57
dusknoir,['ghost'],45,100,135,65,135,45,86.61,235.01
froslass,"['ice', 'ghost']",70,80,70,80,70,110,51.18,58.64
rotom,"['electric', 'ghost']",50,50,77,95,77,91,11.81,0.66
uxie,['psychic'],75,75,130,75,130,95,11.81,0.66
mesprit,['psychic'],80,105,105,105,105,80,11.81,0.66
azelf,['psychic'],75,125,70,125,70,115,11.81,0.66
dialga,"['steel', 'dragon']",100,120,120,150,100,90,212.6,1505.76
palkia,"['water', 'dragon']",90,120,100,150,120,100,165.35,740.75
heatran,"['fire', 'steel']",91,90,106,130,106,77,66.93,947.99
regigigas,['normal'],110,160,110,80,110,100,145.67,925.94
giratina-altered,"['ghost', 'dragon']",150,100,120,100,120,90,177.17,1653.46
cresselia,['psychic'],120,70,120,75,130,85,59.06,188.72
phione,['water'],80,80,80,80,80,80,15.75,6.83
manaphy,['water'],100,100,100,100,100,100,11.81,3.09
darkrai,['dark'],70,90,90,135,90,125,59.06,111.33
shaymin-land,['grass'],100,100,100,100,100,100,7.87,4.63
arceus,['normal'],120,120,120,120,120,120,125.98,705.48
victini,"['psychic', 'fire']",100,100,100,100,100,100,15.75,8.82
snivy,['grass'],45,45,55,45,55,63,23.62,17.86
servine,['grass'],60,60,75,60,75,83,31.5,35.27
serperior,['grass'],75,75,95,75,95,113,129.92,138.89
tepig,['fire'],65,63,45,45,45,45,19.69,21.83
pignite,"['fire', 'fighting']",90,93,55,70,55,55,39.37,122.36
emboar,"['fire', 'fighting']",110,123,65,100,65,65,62.99,330.69
oshawott,['water'],55,55,45,63,45,45,19.69,13.01
dewott,['water'],75,75,60,83,60,60,31.5,54.01
samurott,['water'],95,100,85,108,70,70,59.06,208.56
patrat,['normal'],45,55,39,35,39,42,19.69,25.57
watchog,['normal'],60,85,69,60,69,77,43.31,59.52
lillipup,['normal'],45,60,45,25,45,55,15.75,9.04
herdier,['normal'],65,80,65,35,65,60,35.43,32.41
stoutland,['normal'],85,110,90,45,90,80,47.24,134.48
purrloin,['dark'],41,50,37,50,37,66,15.75,22.27
liepard,['dark'],64,88,50,88,50,106,43.31,82.67
pansage,['grass'],50,53,48,53,48,64,23.62,23.15
simisage,['grass'],75,98,63,98,63,101,43.31,67.24
pansear,['fire'],50,53,48,53,48,64,23.62,24.25
simisear,['fire'],75,98,63,98,63,101,39.37,61.73
panpour,['water'],50,53,48,53,48,64,23.62,29.76
simipour,['water'],75,98,63,98,63,101,39.37,63.93
munna,['psychic'],76,25,45,67,55,24,23.62,51.37
musharna,['psychic'],116,55,85,107,95,29,43.31,133.38
pidove,"['normal', 'flying']",50,55,50,36,30,43,11.81,4.63
tranquill,"['normal', 'flying']",62,77,62,50,42,65,23.62,33.07
unfezant,"['normal', 'flying']",80,115,80,65,55,93,47.24,63.93
blitzle,['electric'],45,60,32,50,32,76,31.5,65.7
zebstrika,['electric'],75,100,63,80,63,116,62.99,175.27
roggenrola,['rock'],55,75,85,25,25,15,15.75,39.68
boldore,['rock'],70,105,105,50,40,20,35.43,224.87
gigalith,['rock'],85,135,130,60,80,25,66.93,573.2
woobat,"['psychic', 'flying']",65,45,43,55,43,72,15.75,4.63
swoobat,"['psychic', 'flying']",67,57,55,77,55,114,35.43,23.15
drilbur,['ground'],60,85,40,30,45,68,11.81,18.74
excadrill,"['ground', 'steel']",110,135,60,50,65,88,27.56,89.07
audino,['normal'],103,60,86,60,86,50,43.31,68.34
timburr,['fighting'],75,80,55,25,35,35,23.62,27.56
gurdurr,['fighting'],85,105,85,40,50,40,47.24,88.18
conkeldurr,['fighting'],105,140,95,55,65,45,55.12,191.8
tympole,['water'],50,50,40,50,40,64,19.69,9.92
palpitoad,"['water', 'ground']",75,65,55,65,55,69,31.5,37.48
seismitoad,"['water', 'ground']",105,95,75,85,75,74,59.06,136.69
throh,['fighting'],120,100,85,30,85,45,51.18,122.36
sawk,['fighting'],75,125,75,30,75,85,55.12,112.44
sewaddle,"['bug', 'grass']",45,53,70,40,60,42,11.81,5.51
swadloon,"['bug', 'grass']",55,63,90,50,80,42,19.69,16.09
leavanny,"['bug', 'grass']",75,103,80,70,80,92,47.24,45.19
venipede,"['bug', 'poison']",30,45,59,30,39,57,15.75,11.68
whirlipede,"['bug', 'poison']",40,55,99,40,79,47,47.24,128.97
scolipede,"['bug', 'poison']",60,100,89,55,69,112,98.43,442.03
cottonee,"['grass', 'fairy']",40,27,60,37,50,66,11.81,1.32
whimsicott,"['grass', 'fairy']",60,67,85,77,75,116,27.56,14.55
petilil,['grass'],45,35,50,70,50,30,19.69,14.55
lilligant,['grass'],70,60,75,110,75,90,43.31,35.94
basculin-red-striped,['water'],70,92,65,80,55,98,39.37,39.68
sandile,"['ground', 'dark']",50,72,35,35,35,65,27.56,33.51
krokorok,"['ground', 'dark']",60,82,45,45,45,74,39.37,73.63
krookodile,"['ground', 'dark']",95,117,80,65,70,92,59.06,212.3
darumaka,['fire'],70,90,45,15,45,50,23.62,82.67
darmanitan-standard,['fire'],105,140,55,30,55,95,51.18,204.81
maractus,['grass'],75,86,67,106,67,60,39.37,61.73
dwebble,"['bug', 'rock']",50,65,85,35,35,55,11.81,31.97
crustle,"['bug', 'rock']",70,105,125,65,75,45,55.12,440.92
scraggy,"['dark', 'fighting']",50,75,70,35,70,48,23.62,26.01
scrafty,"['dark', 'fighting']",65,90,115,45,115,58,43.31,66.14
sigilyph,"['psychic', 'flying']",72,58,80,103,80,97,55.12,30.86
yamask,['ghost'],38,30,85,55,65,30,19.69,3.31
cofagrigus,['ghost'],58,50,145,95,105,30,66.93,168.65
tirtouga,"['water', 'rock']",54,78,103,53,45,22,27.56,36.38
carracosta,"['water', 'rock']",74,108,133,83,65,32,47.24,178.57
archen,"['rock', 'flying']",55,112,45,74,45,70,19.69,20.94
archeops,"['rock', 'flying']",75,140,65,112,65,110,55.12,70.55
trubbish,['poison'],50,50,62,40,62,65,23.62,68.34
garbodor,['poison'],80,95,82,60,82,75,74.8,236.56
zorua,['dark'],40,65,40,80,40,65,27.56,27.56
zoroark,['dark'],60,105,60,120,60,105,62.99,178.79
minccino,['normal'],55,50,40,40,40,75,15.75,12.79
cinccino,['normal'],75,95,60,65,60,115,19.69,16.53
gothita,['psychic'],45,30,50,55,65,45,15.75,12.79
gothorita,['psychic'],60,45,70,75,85,55,27.56,39.68
gothitelle,['psychic'],70,55,95,95,110,65,59.06,97.0
solosis,['psychic'],45,30,40,105,50,20,11.81,2.2
duosion,['psychic'],65,40,50,125,60,30,23.62,17.64
reuniclus,['psychic'],110,65,75,125,85,30,39.37,44.31
ducklett,"['water', 'flying']",62,44,50,44,50,55,19.69,12.13
swanna,"['water', 'flying']",75,87,63,87,63,98,51.18,53.35
vanillite,['ice'],36,50,50,65,60,44,15.75,12.57
vanillish,['ice'],51,65,65,80,75,59,43.31,90.39
vanilluxe,['ice'],71,95,85,110,95,79,51.18,126.77
deerling,"['normal', 'grass']",60,60,50,40,50,75,23.62,42.99
sawsbuck,"['normal', 'grass']",80,100,70,60,70,95,74.8,203.93
emolga,"['electric', 'flying']",55,75,60,75,60,103,15.75,11.02
karrablast,['bug'],50,75,45,40,45,60,19.69,13.01
escavalier,"['bug', 'steel']",70,135,105,60,105,20,39.37,72.75
foongus,"['grass', 'poison']",69,55,45,55,55,15,7.87,2.2
amoonguss,"['grass', 'poison']",114,85,70,85,80,30,23.62,23.15
frillish,"['water', 'ghost']",55,40,50,65,85,40,47.24,72.75
jellicent,"['water', 'ghost']",100,60,70,85,105,60,86.61,297.62
alomomola,['water'],165,75,80,40,45,65,47.24,69.67
joltik,"['bug', 'electric']",50,47,50,57,50,65,3.94,1.32
galvantula,"['bug', 'electric']",70,77,60,97,60,108,31.5,31.53
ferroseed,"['grass', 'steel']",44,50,91,24,86,10,23.62,41.45
ferrothorn,"['grass', 'steel']",74,94,131,54,116,20,39.37,242.51
klink,['steel'],40,55,70,45,60,30,11.81,46.3
klang,['steel'],60,80,95,70,85,50,23.62,112.44
klinklang,['steel'],60,100,115,70,85,90,23.62,178.57
tynamo,['electric'],35,55,40,45,40,60,7.87,0.66
eelektrik,['electric'],65,85,70,75,70,40,47.24,48.5
eelektross,['electric'],85,115,80,105,80,50,82.68,177.47
elgyem,['psychic'],55,55,55,85,55,30,19.69,19.84
beheeyem,['psychic'],75,75,75,125,95,40,39.37,76.06
litwick,"['ghost', 'fire']",50,30,55,65,55,20,11.81,6.83
lampent,"['ghost', 'fire']",60,40,60,95,60,55,23.62,28.66
chandelure,"['ghost', 'fire']",60,55,90,145,90,80,39.37,75.62
axew,['dragon'],46,87,60,30,40,57,23.62,39.68
fraxure,['dragon'],66,117,70,40,50,67,39.37,79.37
haxorus,['dragon'],76,147,90,60,70,97,70.87,232.59
cubchoo,['ice'],55,70,40,60,40,40,19.69,18.74
beartic,['ice'],95,130,80,70,80,50,102.36,573.2
cryogonal,['ice'],80,50,50,95,135,105,43.31,326.28
shelmet,['bug'],50,40,85,40,65,25,15.75,16.98
accelgor,['bug'],80,70,40,100,60,145,31.5,55.78
stunfisk,"['ground', 'electric']",109,66,84,81,99,32,27.56,24.25
mienfoo,['fighting'],45,85,50,55,50,65,35.43,44.09
mienshao,['fighting'],65,125,60,95,60,105,55.12,78.26
druddigon,['dragon'],77,120,90,60,90,48,62.99,306.44
golett,"['ground', 'ghost']",59,74,50,35,50,35,39.37,202.83
golurk,"['ground', 'ghost']",89,124,80,55,80,55,110.24,727.52
pawniard,"['dark', 'steel']",45,85,70,40,40,60,19.69,22.49
bisharp,"['dark', 'steel']",65,125,100,60,70,70,62.99,154.32
bouffalant,['normal'],95,110,95,40,95,55,62.99,208.56
rufflet,"['normal', 'flying']",70,83,50,37,50,60,19.69,23.15
braviary,"['normal', 'flying']",100,123,75,57,75,80,59.06,90.39
vullaby,"['dark', 'flying']",70,55,75,45,65,60,19.69,19.84
mandibuzz,"['dark', 'flying']",110,65,105,55,95,80,47.24,87.08
heatmor,['fire'],85,97,66,105,66,65,55.12,127.87
durant,"['bug', 'steel']",58,109,112,48,48,109,11.81,72.75
deino,"['dark', 'dragon']",52,65,50,45,50,38,31.5,38.14
zweilous,"['dark', 'dragon']",72,85,70,65,70,58,55.12,110.23
hydreigon,"['dark', 'dragon']",92,105,90,125,90,98,70.87,352.74
larvesta,"['bug', 'fire']",55,85,55,50,55,60,43.31,63.49
volcarona,"['bug', 'fire']",85,60,65,135,105,100,62.99,101.41
cobalion,"['steel', 'fighting']",91,90,129,90,72,108,82.68,551.16
terrakion,"['rock', 'fighting']",91,129,90,72,90,108,74.8,573.2
virizion,"['grass', 'fighting']",91,90,72,90,129,108,78.74,440.92
tornadus-incarnate,['flying'],79,115,70,125,80,111,59.06,138.89
thundurus-incarnate,"['electric', 'flying']",79,115,70,125,80,111,59.06,134.48
reshiram,"['dragon', 'fire']",100,120,100,150,120,90,125.98,727.52
zekrom,"['dragon', 'electric']",100,150,120,120,100,90,114.17,760.59
landorus-incarnate,"['ground', 'flying']",89,125,90,115,80,101,59.06,149.91
kyurem,"['dragon', 'ice']",125,130,90,130,90,95,118.11,716.5
keldeo-ordinary,"['water', 'fighting']",91,72,90,129,90,108,55.12,106.92
meloetta-aria,"['normal', 'psychic']",100,77,77,128,128,90,23.62,14.33
genesect,"['bug', 'steel']",71,120,95,120,95,99,59.06,181.88
chespin,['grass'],56,61,65,48,45,38,15.75,19.84
quilladin,['grass'],61,78,95,56,58,57,27.56,63.93
chesnaught,"['grass', 'fighting']",88,107,122,74,75,64,62.99,198.42
fennekin,['fire'],40,45,40,62,60,60,15.75,20.72
braixen,['fire'],59,59,58,90,70,73,39.37,31.97
delphox,"['fire', 'psychic']",75,69,72,114,100,104,59.06,85.98
froakie,['water'],41,56,40,62,44,71,11.81,15.43
frogadier,['water'],54,63,52,83,56,97,23.62,24.03
greninja,"['water', 'dark']",72,95,67,103,71,122,59.06,88.18
bunnelby,['normal'],38,36,38,32,36,57,15.75,11.02
diggersby,"['normal', 'ground']",85,56,77,50,77,78,39.37,93.48
fletchling,"['normal', 'flying']",45,50,43,40,38,62,11.81,3.75
fletchinder,"['fire', 'flying']",62,73,55,56,52,84,27.56,35.27
talonflame,"['fire', 'flying']",78,81,71,74,69,126,47.24,54.01
scatterbug,['bug'],38,35,40,27,25,35,11.81,5.51
spewpa,['bug'],45,22,60,27,30,29,11.81,18.52
vivillon,"['bug', 'flying']",80,52,50,90,50,89,47.24,37.48
litleo,"['fire', 'normal']",62,50,58,73,54,72,23.62,29.76
pyroar,"['fire', 'normal']",86,68,72,109,66,106,59.06,179.68
flabebe,['fairy'],44,38,39,61,79,42,3.94,0.22
floette,['fairy'],54,45,47,75,98,52,7.87,1.98
florges,['fairy'],78,65,68,112,154,75,43.31,22.05
skiddo,['grass'],66,65,48,62,57,52,35.43,68.34
gogoat,['grass'],123,100,62,97,81,68,66.93,200.62
pancham,['fighting'],67,82,62,46,48,43,23.62,17.64
pangoro,"['fighting', 'dark']",95,124,78,69,71,58,82.68,299.83
furfrou,['normal'],75,80,60,65,90,102,47.24,61.73
espurr,['psychic'],62,48,54,63,60,68,11.81,7.72
meowstic-male,['psychic'],74,48,76,83,81,104,23.62,18.74
honedge,"['steel', 'ghost']",45,80,100,35,37,28,31.5,4.41
doublade,"['steel', 'ghost']",59,110,150,45,49,35,31.5,9.92
aegislash-shield,"['steel', 'ghost']",60,50,140,50,140,60,66.93,116.84
spritzee,['fairy'],78,52,60,63,65,23,7.87,1.1
aromatisse,['fairy'],101,72,72,99,89,29,31.5,34.17
swirlix,['fairy'],62,48,66,59,57,49,15.75,7.72
slurpuff,['fairy'],82,80,86,85,75,72,31.5,11.02
inkay,"['dark', 'psychic']",53,54,53,37,46,45,15.75,7.72
malamar,"['dark', 'psychic']",86,92,88,68,75,73,59.06,103.62
binacle,"['rock', 'water']",42,52,67,39,56,50,19.69,68.34
barbaracle,"['rock', 'water']",72,105,115,54,86,68,51.18,211.64
skrelp,"['poison', 'water']",50,60,60,60,60,30,19.69,16.09
dragalge,"['poison', 'dragon']",65,75,90,97,123,44,70.87,179.68
clauncher,['water'],50,53,62,58,63,44,19.69,18.3
clawitzer,['water'],71,73,88,120,89,59,51.18,77.82
helioptile,"['electric', 'normal']",44,38,33,61,43,70,19.69,13.23
heliolisk,"['electric', 'normal']",62,55,52,109,94,109,39.37,46.3
tyrunt,"['rock', 'dragon']",58,89,77,45,45,48,31.5,57.32
tyrantrum,"['rock', 'dragon']",82,121,119,69,59,71,98.43,595.25
amaura,"['rock', 'ice']",77,59,50,67,63,46,51.18,55.56
aurorus,"['rock', 'ice']",123,77,72,99,92,58,106.3,496.04
sylveon,['fairy'],95,65,65,110,130,60,39.37,51.81
hawlucha,"['fighting', 'flying']",78,92,75,74,63,118,31.5,47.4
dedenne,"['electric', 'fairy']",67,58,57,81,67,101,7.87,4.85
carbink,"['rock', 'fairy']",50,50,150,50,150,50,11.81,12.57
goomy,['dragon'],45,50,35,55,75,40,11.81,6.17
sliggoo,['dragon'],68,75,53,83,113,60,31.5,38.58
goodra,['dragon'],90,100,70,110,150,80,78.74,331.8
klefki,"['steel', 'fairy']",57,80,91,80,87,75,7.87,6.61
phantump,"['ghost', 'grass']",43,70,48,50,60,38,15.75,15.43
trevenant,"['ghost', 'grass']",85,110,76,65,82,56,59.06,156.53
pumpkaboo-average,"['ghost', 'grass']",49,66,70,44,55,51,15.75,11.02
gourgeist-average,"['ghost', 'grass']",65,90,122,58,75,84,35.43,27.56
bergmite,['ice'],55,69,85,32,35,28,39.37,219.36
avalugg,['ice'],95,117,184,44,46,28,78.74,1113.33
noibat,"['flying', 'dragon']",40,30,35,45,40,55,19.69,17.64
noivern,"['flying', 'dragon']",85,70,80,97,80,123,59.06,187.39
xerneas,['fairy'],126,131,95,131,98,99,118.11,473.99
yveltal,"['dark', 'flying']",126,131,95,131,98,99,228.35,447.54
zygarde-50,"['dragon', 'ground']",108,100,121,81,95,95,196.85,672.41
diancie,"['rock', 'fairy']",50,100,150,100,150,50,27.56,19.4
hoopa,"['psychic', 'ghost']",80,110,60,150,130,70,19.69,19.84
volcanion,"['fire', 'water']",80,110,120,130,90,70,66.93,429.9
rowlet,"['grass', 'flying']",68,55,55,50,50,42,11.81,3.31
dartrix,"['grass', 'flying']",78,75,75,70,70,52,27.56,35.27
decidueye,"['grass', 'ghost']",78,107,75,100,100,70,62.99,80.69
litten,['fire'],45,65,40,60,40,70,15.75,9.48
torracat,['fire'],65,85,50,80,50,90,27.56,55.12
incineroar,"['fire', 'dark']",95,115,90,80,90,60,70.87,182.98
popplio,['water'],50,54,54,66,56,40,15.75,16.53
brionne,['water'],60,69,69,91,81,50,23.62,38.58
primarina,"['water', 'fairy']",80,74,74,126,116,60,70.87,97.0
pikipek,"['normal', 'flying']",35,75,30,30,30,65,11.81,2.65
trumbeak,"['normal', 'flying']",55,85,50,40,50,75,23.62,32.63
toucannon,"['normal', 'flying']",80,120,75,75,75,60,43.31,57.32
yungoos,['normal'],48,70,30,30,30,45,15.75,13.23
gumshoos,['normal'],88,110,60,55,60,45,27.56,31.31
grubbin,['bug'],47,62,45,55,45,46,15.75,9.7
charjabug,"['bug', 'electric']",57,82,95,55,75,36,19.69,23.15
vikavolt,"['bug', 'electric']",77,70,90,145,75,43,59.06,99.21
crabrawler,['fighting'],47,82,57,42,47,63,23.62,15.43
crabominable,"['fighting', 'ice']",97,132,77,62,67,43,66.93,396.83
oricorio-baile,"['fire', 'flying']",75,70,70,98,70,93,23.62,7.5
cutiefly,"['bug', 'fairy']",40,45,40,55,40,84,3.94,0.44
ribombee,"['bug', 'fairy']",60,55,60,95,70,124,7.87,1.1
rockruff,['rock'],45,65,40,30,40,60,19.69,20.28
lycanroc-midday,['rock'],75,115,65,55,65,112,31.5,55.12
wishiwashi-solo,['water'],45,20,20,25,25,40,7.87,0.66
mareanie,"['poison', 'water']",50,53,62,43,52,45,15.75,17.64
toxapex,"['poison', 'water']",50,63,152,53,142,35,27.56,31.97
mudbray,['ground'],70,100,70,45,55,45,39.37,242.51
mudsdale,['ground'],100,125,100,55,85,35,98.43,2028.25
dewpider,"['water', 'bug']",38,40,52,40,72,27,11.81,8.82
araquanid,"['water', 'bug']",68,70,92,50,132,42,70.87,180.78
fomantis,['grass'],40,55,35,50,35,35,11.81,3.31
lurantis,['grass'],70,105,90,80,90,45,35.43,40.79
morelull,"['grass', 'fairy']",40,35,55,65,75,15,7.87,3.31
shiinotic,"['grass', 'fairy']",60,45,80,90,100,30,39.37,25.35
salandit,"['poison', 'fire']",48,44,40,71,40,77,23.62,10.58
salazzle,"['poison', 'fire']",68,64,60,111,60,117,47.24,48.94
stufful,"['normal', 'fighting']",70,75,50,45,50,50,19.69,14.99
bewear,"['normal', 'fighting']",120,125,80,55,60,60,82.68,297.62
bounsweet,['grass'],42,30,38,30,38,32,11.81,7.05
steenee,['grass'],52,40,48,40,48,62,27.56,18.08
tsareena,['grass'],72,120,98,50,98,72,47.24,47.18
comfey,['fairy'],51,52,90,82,110,100,3.94,0.66
oranguru,"['normal', 'psychic']",90,60,80,90,110,60,59.06,167.55
passimian,['fighting'],100,120,90,40,60,80,78.74,182.54
wimpod,"['bug', 'water']",25,35,40,20,30,80,19.69,26.46
golisopod,"['bug', 'water']",75,125,140,60,90,40,78.74,238.1
sandygast,"['ghost', 'ground']",55,55,80,70,45,15,19.69,154.32
palossand,"['ghost', 'ground']",85,75,110,100,75,35,51.18,551.16
pyukumuku,['water'],55,60,130,30,130,5,11.81,2.65
type-null,['normal'],95,95,95,95,95,59,74.8,265.66
silvally,['normal'],95,95,95,95,95,95,90.55,221.56
minior-red-meteor,"['rock', 'flying']",60,60,100,60,100,60,11.81,88.18
komala,['normal'],65,115,65,75,95,65,15.75,43.87
turtonator,"['fire', 'dragon']",60,78,135,91,85,36,78.74,467.38
togedemaru,"['electric', 'steel']",65,98,63,40,73,96,11.81,7.28
mimikyu-disguised,"['ghost', 'fairy']",55,90,80,50,105,96,7.87,1.54
bruxish,"['water', 'psychic']",68,105,70,70,70,92,35.43,41.89
drampa,"['normal', 'dragon']",78,60,85,135,91,36,118.11,407.85
dhelmise,"['ghost', 'grass']",70,131,100,86,90,40,153.54,462.97
jangmo-o,['dragon'],45,55,65,45,45,45,23.62,65.48
hakamo-o,"['dragon', 'fighting']",55,75,90,65,70,65,47.24,103.62
kommo-o,"['dragon', 'fighting']",75,110,125,100,105,85,62.99,172.4
tapu-koko,"['electric', 'fairy']",70,115,85,95,75,130,70.87,45.19
tapu-lele,"['psychic', 'fairy']",70,85,75,130,115,95,47.24,41.01
tapu-bulu,"['grass', 'fairy']",70,130,115,85,95,75,74.8,100.31
tapu-fini,"['water', 'fairy']",70,75,115,95,130,85,51.18,46.74
cosmog,['psychic'],43,29,31,29,31,37,7.87,0.22
cosmoem,['psychic'],43,29,131,29,131,37,3.94,2204.4
solgaleo,"['psychic', 'steel']",137,137,107,113,89,97,133.86,507.06
lunala,"['psychic', 'ghost']",137,113,89,137,107,97,157.48,264.55
nihilego,"['rock', 'poison']",109,53,47,127,131,103,47.24,122.36
buzzwole,"['bug', 'fighting']",107,139,139,53,53,79,94.49,735.46
pheromosa,"['bug', 'fighting']",71,137,37,137,37,151,70.87,55.12
xurkitree,['electric'],83,89,71,173,71,83,149.61,220.46
celesteela,"['steel', 'flying']",97,101,103,107,101,61,362.2,2204.4
kartana,"['grass', 'steel']",59,181,131,59,31,109,11.81,0.22
guzzlord,"['dark', 'dragon']",223,101,53,97,53,43,216.54,1957.7
necrozma,['psychic'],97,107,101,127,89,79,94.49,507.06
magearna,"['steel', 'fairy']",80,95,115,130,115,65,39.37,177.47
marshadow,"['fighting', 'ghost']",90,125,80,90,90,125,27.56,48.94
poipole,['poison'],67,73,67,73,67,73,23.62,3.97
naganadel,"['poison', 'dragon']",73,73,73,127,73,121,141.73,330.69
stakataka,"['rock', 'steel']",61,131,211,53,101,13,216.54,1807.79
blacephalon,"['fire', 'ghost']",53,127,53,151,79,107,70.87,28.66
zeraora,['electric'],88,112,75,102,80,143,59.06,98.11
meltan,['steel'],46,65,65,55,35,34,7.87,17.64
melmetal,['steel'],135,143,143,80,65,34,98.43,1763.7
grookey,['grass'],50,65,50,40,40,65,11.81,11.02
thwackey,['grass'],70,85,70,55,60,80,27.56,30.86
rillaboom,['grass'],100,125,90,60,70,85,82.68,198.42
scorbunny,['fire'],50,71,40,40,40,69,11.81,9.92
raboot,['fire'],65,86,60,55,60,94,23.62,19.84
cinderace,['fire'],80,116,75,65,75,119,55.12,72.75
sobble,['water'],50,40,40,70,40,70,11.81,8.82
drizzile,['water'],65,60,55,95,55,90,27.56,25.35
inteleon,['water'],70,85,65,125,65,120,74.8,99.65
skwovet,['normal'],70,55,55,35,35,25,11.81,5.51
greedent,['normal'],120,95,95,55,75,20,23.62,13.23
rookidee,['flying'],38,47,35,33,35,57,7.87,3.97
corvisquire,['flying'],68,67,55,43,55,77,31.5,35.27
corviknight,"['flying', 'steel']",98,87,105,53,85,67,86.61,165.35
blipbug,['bug'],25,20,20,25,45,45,15.75,17.64
dottler,"['bug', 'psychic']",50,35,80,50,90,30,15.75,42.99
orbeetle,"['bug', 'psychic']",60,45,110,80,120,90,15.75,89.95
nickit,['dark'],40,28,28,47,52,50,23.62,19.62
thievul,['dark'],70,58,58,87,92,90,47.24,43.87
gossifleur,['grass'],40,40,60,40,60,10,15.75,4.85
eldegoss,['grass'],60,50,90,80,120,60,19.69,5.51
wooloo,['normal'],42,40,55,40,45,48,23.62,13.23
dubwool,['normal'],72,80,100,60,90,88,51.18,94.8
chewtle,['water'],50,64,50,38,38,44,11.81,18.74
drednaw,"['water', 'rock']",90,115,90,48,68,74,39.37,254.63
yamper,['electric'],59,45,50,40,50,26,11.81,29.76
boltund,['electric'],69,90,60,90,60,121,39.37,74.96
rolycoly,['rock'],30,40,50,40,50,30,11.81,26.46
carkol,"['rock', 'fire']",80,60,90,60,70,50,43.31,171.96
coalossal,"['rock', 'fire']",110,80,120,80,90,30,110.24,684.53
applin,"['grass', 'dragon']",40,40,80,40,40,20,7.87,1.1
flapple,"['grass', 'dragon']",70,110,80,95,60,70,11.81,2.2
appletun,"['grass', 'dragon']",110,85,80,100,80,30,15.75,28.66
silicobra,['ground'],52,57,75,35,50,46,86.61,16.76
sandaconda,['ground'],72,107,125,65,70,71,149.61,144.4
cramorant,"['flying', 'water']",70,85,55,85,95,85,31.5,39.68
arrokuda,['water'],41,63,40,40,30,66,19.69,2.2
barraskewda,['water'],61,123,60,60,50,136,51.18,66.14
toxel,"['electric', 'poison']",40,38,35,54,35,40,15.75,24.25
toxtricity-amped,"['electric', 'poison']",75,98,70,114,70,75,62.99,88.18
sizzlipede,"['fire', 'bug']",50,65,45,50,50,45,27.56,2.2
centiskorch,"['fire', 'bug']",100,115,65,90,90,65,118.11,264.55
clobbopus,['fighting'],50,68,60,50,50,32,23.62,8.82
grapploct,['fighting'],80,118,90,70,80,42,62.99,85.98
sinistea,['ghost'],40,45,45,74,54,50,3.94,0.44
polteageist,['ghost'],60,65,65,134,114,70,7.87,0.88
hatenna,['psychic'],42,30,45,56,53,39,15.75,7.5
hattrem,['psychic'],57,40,65,86,73,49,23.62,10.58
hatterene,"['psychic', 'fairy']",57,90,95,136,103,29,82.68,11.24
impidimp,"['dark', 'fairy']",45,45,30,55,40,50,15.75,12.13
morgrem,"['dark', 'fairy']",65,60,45,75,55,70,31.5,27.56
grimmsnarl,"['dark', 'fairy']",95,120,65,95,75,60,59.06,134.48
obstagoon,"['dark', 'normal']",93,90,101,60,81,95,62.99,101.41
perrserker,['steel'],70,110,100,50,60,50,31.5,61.73
cursola,['ghost'],60,95,50,145,130,30,39.37,0.88
sirfetchd,['fighting'],62,135,95,68,82,65,31.5,257.94
mr-rime,"['ice', 'psychic']",80,85,75,110,100,70,59.06,128.31
runerigus,"['ground', 'ghost']",58,95,145,50,105,30,62.99,146.83
milcery,['fairy'],45,40,40,50,61,34,7.87,0.66
alcremie,['fairy'],65,60,75,110,121,64,11.81,1.1
falinks,['fighting'],65,100,100,70,60,75,118.11,136.69
pincurchin,['electric'],48,101,95,91,85,15,11.81,2.2
snom,"['ice', 'bug']",30,25,35,45,30,20,11.81,8.38
frosmoth,"['ice', 'bug']",70,65,60,125,90,65,51.18,92.59
stonjourner,['rock'],100,125,135,20,20,70,98.43,1146.4
eiscue-ice,['ice'],75,80,110,65,90,50,55.12,196.21
indeedee-male,"['psychic', 'normal']",60,65,55,105,95,95,35.43,61.73
morpeko-full-belly,"['electric', 'dark']",58,95,58,70,58,97,11.81,6.61
cufant,['steel'],72,80,49,40,49,40,47.24,220.46
copperajah,['steel'],122,130,69,80,69,30,118.11,1433.0
dracozolt,"['electric', 'dragon']",90,100,90,80,70,75,70.87,418.88
arctozolt,"['electric', 'ice']",90,100,90,90,80,55,90.55,330.69
dracovish,"['water', 'dragon']",90,90,100,70,80,75,90.55,473.99
arctovish,"['water', 'ice']",90,90,100,80,90,55,78.74,385.81
duraludon,"['steel', 'dragon']",70,95,115,120,50,85,70.87,88.18
dreepy,"['dragon', 'ghost']",28,60,30,40,30,82,19.69,4.41
drakloak,"['dragon', 'ghost']",68,80,50,60,50,102,55.12,24.25
dragapult,"['dragon', 'ghost']",88,120,75,100,75,142,118.11,110.23
zacian,['fairy'],92,130,115,80,115,138,110.24,242.51
zamazenta,['fighting'],92,130,115,80,115,138,114.17,462.97
eternatus,"['poison', 'dragon']",140,85,95,145,95,130,787.4,2094.39
kubfu,['fighting'],60,90,60,53,50,72,23.62,26.46
urshifu-single-strike,"['fighting', 'dark']",100,130,100,63,60,97,74.8,231.49
zarude,"['dark', 'grass']",105,120,105,70,95,105,70.87,154.32
regieleki,['electric'],80,100,50,100,50,200,47.24,319.67
regidrago,['dragon'],200,100,50,100,50,80,82.68,440.92
glastrier,['ice'],100,145,130,65,110,30,86.61,1763.7
spectrier,['ghost'],100,65,60,145,80,130,78.74,98.11
calyrex,"['psychic', 'grass']",100,80,80,80,80,80,43.31,16.98
