Name,Primary Type,Secondary Type,HP,Attack,Defense,Sp. Atk,Sp. Def,Speed,Height (in),Weight (lbs),Status
Bulbasaur,Grass,Poison,45,49,49,65,65,45,27.56,15.21,Regular
Ivysaur,Grass,Poison,60,62,63,80,80,60,39.37,28.66,Regular
Venusaur,Grass,Poison,80,82,83,100,100,80,78.74,220.46,Regular
Charmander,Fire,,39,52,43,60,50,65,23.62,18.74,Regular
Charmeleon,Fire,,58,64,58,80,65,80,43.31,41.89,Regular
Charizard,Fire,Flying,78,84,78,109,85,100,66.93,199.52,Regular
Squirtle,Water,,44,48,65,50,64,43,19.69,19.84,Regular
Wartortle,Water,,59,63,80,65,80,58,39.37,49.6,Regular
Blastoise,Water,,79,83,100,85,105,78,62.99,188.5,Regular
Caterpie,Bug,,45,30,35,20,20,45,11.81,6.39,Regular
Metapod,Bug,,50,20,55,25,25,30,27.56,21.83,Regular
Butterfree,Bug,Flying,60,45,50,90,80,70,43.31,70.55,Regular
Weedle,Bug,Poison,40,35,30,20,20,50,11.81,7.05,Regular
Kakuna,Bug,Poison,45,25,50,25,25,35,23.62,22.05,Regular
Beedrill,Bug,Poison,65,90,40,45,80,75,39.37,65.04,Regular
Pidgey,Normal,Flying,40,45,40,35,35,56,11.81,3.97,Regular
Pidgeotto,Normal,Flying,63,60,55,50,50,71,43.31,66.14,Regular
Pidgeot,Normal,Flying,83,80,75,70,70,101,59.06,87.08,Regular
Rattata,Normal,,30,56,35,25,35,72,11.81,7.72,Regular
Raticate,Normal,,55,81,60,50,70,97,27.56,40.79,Regular
Spearow,Normal,Flying,40,60,30,31,31,70,11.81,4.41,Regular
Fearow,Normal,Flying,65,90,65,61,61,100,47.24,83.78,Regular
Ekans,Poison,,35,60,44,40,54,55,78.74,15.21,Regular
Arbok,Poison,,60,95,69,65,79,80,137.8,143.3,Regular
Pikachu,Electric,,35,55,40,50,50,90,15.75,13.23,Regular
Raichu,Electric,,60,90,55,90,80,110,31.5,66.14,Regular
Sandshrew,Ground,,50,75,85,20,30,40,23.62,26.46,Regular
Sandslash,Ground,,75,100,110,45,55,65,39.37,65.04,Regular
Nidoran-f,Poison,,55,47,52,40,40,41,15.75,15.43,Regular
Nidorina,Poison,,70,62,67,55,55,56,31.5,44.09,Regular
Nidoqueen,Poison,Ground,90,92,87,75,85,76,51.18,132.28,Regular
Nidoran-m,Poison,,46,57,40,40,40,50,19.69,19.84,Regular
Nidorino,Poison,,61,72,57,55,55,65,35.43,42.99,Regular
Nidoking,Poison,Ground,81,102,77,85,75,85,55.12,136.69,Regular
Clefairy,Fairy,,70,45,48,60,65,35,23.62,16.53,Regular
Clefable,Fairy,,95,70,73,95,90,60,51.18,88.18,Regular
Vulpix,Fire,,38,41,40,50,65,65,23.62,21.83,Regular
Ninetales,Fire,,73,76,75,81,100,100,43.31,43.87,Regular
Jigglypuff,Normal,Fairy,115,45,20,45,25,20,19.69,12.13,Regular
Wigglytuff,Normal,Fairy,140,70,45,85,50,45,39.37,26.46,Regular
Zubat,Poison,Flying,40,45,35,30,40,55,31.5,16.53,Regular
Golbat,Poison,Flying,75,80,70,65,75,90,62.99,121.25,Regular
Oddish,Grass,Poison,45,50,55,75,65,30,19.69,11.9,Regular
Gloom,Grass,Poison,60,65,70,85,75,40,31.5,18.96,Regular
Vileplume,Grass,Poison,75,80,85,110,90,50,47.24,41.01,Regular
Paras,Bug,Grass,35,70,55,45,55,25,11.81,11.9,Regular
Parasect,Bug,Grass,60,95,80,60,80,30,39.37,65.04,Regular
Venonat,Bug,Poison,60,55,50,40,55,45,39.37,66.14,Regular
Venomoth,Bug,Poison,70,65,60,90,75,90,59.06,27.56,Regular
Diglett,Ground,,10,55,25,35,45,95,7.87,1.76,Regular
Dugtrio,Ground,,35,100,50,50,70,120,27.56,73.41,Regular
Meowth,Normal,,40,45,35,40,40,90,15.75,9.26,Regular
Persian,Normal,,65,70,60,65,65,115,39.37,70.55,Regular
Psyduck,Water,,50,52,48,65,50,55,31.5,43.21,Regular
Golduck,Water,,80,82,78,95,80,85,66.93,168.87,Regular
Mankey,Fighting,,40,80,35,35,45,70,19.69,61.73,Regular
Primeape,Fighting,,65,105,60,60,70,95,39.37,70.55,Regular
Growlithe,Fire,,55,70,45,70,50,60,27.56,41.89,Regular
Arcanine,Fire,,90,110,80,100,80,95,74.8,341.72,Regular
Poliwag,Water,,40,50,40,40,40,90,23.62,27.34,Regular
Poliwhirl,Water,,65,65,65,50,50,90,39.37,44.09,Regular
Poliwrath,Water,Fighting,90,95,95,70,90,70,51.18,119.05,Regular
Abra,Psychic,,25,20,15,105,55,90,35.43,42.99,Regular
Kadabra,Psychic,,40,35,30,120,70,105,51.18,124.56,Regular
Alakazam,Psychic,,55,50,45,135,95,120,59.06,105.82,Regular
Machop,Fighting,,70,80,50,35,35,35,31.5,42.99,Regular
Machoke,Fighting,,80,100,70,50,60,45,59.06,155.43,Regular
Machamp,Fighting,,90,130,80,65,85,55,62.99,286.6,Regular
Bellsprout,Grass,Poison,50,75,35,70,30,40,27.56,8.82,Regular
Weepinbell,Grass,Poison,65,90,50,85,45,55,39.37,14.11,Regular
Victreebel,Grass,Poison,80,105,65,100,70,70,66.93,34.17,Regular
Tentacool,Water,Poison,40,40,35,50,100,70,35.43,100.31,Regular
Tentacruel,Water,Poison,80,70,65,80,120,100,62.99,121.25,Regular
Geodude,Rock,Ground,40,80,100,30,30,20,15.75,44.09,Regular
Graveler,Rock,Ground,55,95,115,45,45,35,39.37,231.49,Regular
Golem,Rock,Ground,80,120,130,55,65,45,55.12,661.39,Regular
Ponyta,Fire,,50,85,55,65,65,90,39.37,66.14,Regular
Rapidash,Fire,,65,100,70,80,80,105,66.93,209.44,Regular
Slowpoke,Water,Psychic,90,65,65,40,40,15,47.24,79.37,Regular
Slowbro,Water,Psychic,95,75,110,100,80,30,62.99,173.06,Regular
Magnemite,Electric,Steel,25,35,70,95,55,45,11.81,13.23,Regular
Magneton,Electric,Steel,50,60,95,120,70,70,39.37,132.28,Regular
Farfetchd,Normal,Flying,52,90,55,58,62,60,31.5,33.07,Regular
Doduo,Normal,Flying,35,85,45,35,35,75,55.12,86.42,Regular
Dodrio,Normal,Flying,60,110,70,60,60,110,70.87,187.83,Regular
Seel,Water,,65,45,55,45,70,45,43.31,198.42,Regular
Dewgong,Water,Ice,90,70,80,70,95,70,66.93,264.55,Regular
Grimer,Poison,,80,80,50,40,50,25,35.43,66.14,Regular
Muk,Poison,,105,105,75,65,100,50,47.24,66.14,Regular
Shellder,Water,,30,65,100,45,25,40,11.81,8.82,Regular
Cloyster,Water,Ice,50,95,180,85,45,70,59.06,292.11,Regular
Gastly,Ghost,Poison,30,35,30,100,35,80,51.18,0.22,Regular
Haunter,Ghost,Poison,45,50,45,115,55,95,62.99,0.22,Regular
Gengar,Ghost,Poison,60,65,60,130,75,110,59.06,89.29,Regular
Onix,Rock,Ground,35,45,160,30,45,70,346.46,462.97,Regular
Drowzee,Psychic,,60,48,45,43,90,42,39.37,71.43,Regular
Hypno,Psychic,,85,73,70,73,115,67,62.99,166.67,Regular
Krabby,Water,,30,105,90,25,25,50,15.75,14.33,Regular
Kingler,Water,,55,130,115,50,50,75,51.18,132.28,Regular
Voltorb,Electric,,40,30,50,55,55,100,19.69,22.93,Regular
Electrode,Electric,,60,50,70,80,80,150,47.24,146.83,Regular
Exeggcute,Grass,Psychic,60,40,80,60,45,40,15.75,5.51,Regular
Exeggutor,Grass,Psychic,95,95,85,125,75,55,78.74,264.55,Regular
Cubone,Ground,,50,50,95,40,50,35,15.75,14.33,Regular
Marowak,Ground,,60,80,110,50,80,45,39.37,99.21,Regular
Hitmonlee,Fighting,,50,120,53,35,110,87,59.06,109.79,Regular
Hitmonchan,Fighting,,50,105,79,35,110,76,55.12,110.67,Regular
Lickitung,Normal,,90,55,75,60,75,30,47.24,144.4,Regular
Koffing,Poison,,40,65,95,60,45,35,23.62,2.2,Regular
Weezing,Poison,,65,90,120,85,70,60,47.24,20.94,Regular
Rhyhorn,Ground,Rock,80,85,95,30,30,25,39.37,253.53,Regular
Rhydon,Ground,Rock,105,130,120,45,45,40,74.8,264.55,Regular
Chansey,Normal,,250,5,5,35,105,50,43.31,76.28,Regular
Tangela,Grass,,65,55,115,100,40,60,39.37,77.16,Regular
Kangaskhan,Normal,,105,95,80,40,80,90,86.61,176.37,Regular
Horsea,Water,,30,40,70,70,25,60,15.75,17.64,Regular
Seadra,Water,,55,65,95,95,45,85,47.24,55.12,Regular
Goldeen,Water,,45,67,60,35,50,63,23.62,33.07,Regular
Seaking,Water,,80,92,65,65,80,68,51.18,85.98,Regular
Staryu,Water,,30,45,55,70,55,85,31.5,76.06,Regular
Starmie,Water,Psychic,60,75,85,100,85,115,43.31,176.37,Regular
Mr-mime,Psychic,Fairy,40,45,65,100,120,90,51.18,120.15,Regular
Scyther,Bug,Flying,70,110,80,55,80,105,59.06,123.46,Regular
Jynx,Ice,Psychic,65,50,35,115,95,95,55.12,89.51,Regular
Electabuzz,Electric,,65,83,57,95,85,105,43.31,66.14,Regular
Magmar,Fire,,65,95,57,100,85,93,51.18,98.11,Regular
Pinsir,Bug,,65,125,100,55,70,85,59.06,121.25,Regular
Tauros,Normal,,75,100,95,40,70,110,55.12,194.89,Regular
Magikarp,Water,,20,10,55,15,20,80,35.43,22.05,Regular
Gyarados,Water,Flying,95,125,79,60,100,81,255.91,518.09,Regular
Lapras,Water,Ice,130,85,80,85,95,60,98.43,485.02,Regular
Ditto,Normal,,48,48,48,48,48,48,11.81,8.82,Regular
Eevee,Normal,,55,55,50,45,65,55,11.81,14.33,Regular
Vaporeon,Water,,130,65,60,110,95,65,39.37,63.93,Regular
Jolteon,Electric,,65,65,60,110,95,130,31.5,54.01,Regular
Flareon,Fire,,65,130,60,95,110,65,35.43,55.12,Regular
Porygon,Normal,,65,60,70,85,75,40,31.5,80.47,Regular
Omanyte,Rock,Water,35,40,100,90,55,35,15.75,16.53,Regular
Omastar,Rock,Water,70,60,125,115,70,55,39.37,77.16,Regular
Kabuto,Rock,Water,30,80,90,55,45,55,19.69,25.35,Regular
Kabutops,Rock,Water,60,115,105,65,70,80,51.18,89.29,Regular
Aerodactyl,Rock,Flying,80,105,65,60,75,130,70.87,130.07,Regular
Snorlax,Normal,,160,110,65,65,110,30,82.68,1014.13,Regular
Articuno,Ice,Flying,90,85,100,95,125,85,66.93,122.14,Legendary
Zapdos,Electric,Flying,90,90,85,125,90,100,62.99,115.96,Legendary
Moltres,Fire,Flying,90,100,90,125,85,90,78.74,132.28,Legendary
Dratini,Dragon,,41,64,45,50,50,50,70.87,7.28,Regular
Dragonair,Dragon,,61,84,65,70,70,70,157.48,36.38,Regular
Dragonite,Dragon,Flying,91,134,95,100,100,80,86.61,462.97,Regular
Mewtwo,Psychic,,106,110,90,154,90,130,78.74,268.96,Legendary
Mew,Psychic,,100,100,100,100,100,100,15.75,8.82,Regular
Chikorita,Grass,,45,49,65,49,65,45,35.43,14.11,Regular
Bayleef,Grass,,60,62,80,63,80,60,47.24,34.83,Regular
Meganium,Grass,,80,82,100,83,100,80,70.87,221.56,Regular
Cyndaquil,Fire,,39,52,43,60,50,65,19.69,17.42,Regular
Quilava,Fire,,58,64,58,80,65,80,35.43,41.89,Regular
Typhlosion,Fire,,78,84,78,109,85,100,66.93,175.27,Regular
Totodile,Water,,50,65,64,44,48,43,23.62,20.94,Regular
Croconaw,Water,,65,80,80,59,63,58,43.31,55.12,Regular
Feraligatr,Water,,85,105,100,79,83,78,90.55,195.77,Regular
Sentret,Normal,,35,46,34,35,45,20,31.5,13.23,Regular
Furret,Normal,,85,76,64,45,55,90,70.87,71.65,Regular
Hoothoot,Normal,Flying,60,30,30,36,56,50,27.56,46.74,Regular
Noctowl,Normal,Flying,100,50,50,86,96,70,62.99,89.95,Regular
Ledyba,Bug,Flying,40,20,30,40,80,55,39.37,23.81,Regular
Ledian,Bug,Flying,55,35,50,55,110,85,55.12,78.48,Regular
Spinarak,Bug,Poison,40,60,40,40,40,30,19.69,18.74,Regular
Ariados,Bug,Poison,70,90,70,60,70,40,43.31,73.85,Regular
Crobat,Poison,Flying,85,90,80,70,80,130,70.87,165.35,Regular
Chinchou,Water,Electric,75,38,38,56,56,67,19.69,26.46,Regular
Lanturn,Water,Electric,125,58,58,76,76,67,47.24,49.6,Regular
Pichu,Electric,,20,40,15,35,35,60,11.81,4.41,Regular
Cleffa,Fairy,,50,25,28,45,55,15,11.81,6.61,Regular
Igglybuff,Normal,Fairy,90,30,15,40,20,15,11.81,2.2,Regular
Togepi,Fairy,,35,20,65,40,65,20,11.81,3.31,Regular
Togetic,Fairy,Flying,55,40,85,80,105,40,23.62,7.05,Regular
Natu,Psychic,Flying,40,50,45,70,45,70,7.87,4.41,Regular
Xatu,Psychic,Flying,65,75,70,95,70,95,59.06,33.07,Regular
Mareep,Electric,,55,40,40,65,45,35,23.62,17.2,Regular
Flaaffy,Electric,,70,55,55,80,60,45,31.5,29.32,Regular
Ampharos,Electric,,90,75,85,115,90,55,55.12,135.58,Regular
Bellossom,Grass,,75,80,95,90,100,50,15.75,12.79,Regular
Marill,Water,Fairy,70,20,50,20,50,40,15.75,18.74,Regular
Azumarill,Water,Fairy,100,50,80,60,80,50,31.5,62.83,Regular
Sudowoodo,Rock,,70,100,115,30,65,30,47.24,83.78,Regular
Politoed,Water,,90,75,75,90,100,70,43.31,74.74,Regular
Hoppip,Grass,Flying,35,35,40,35,55,50,15.75,1.1,Regular
Skiploom,Grass,Flying,55,45,50,45,65,80,23.62,2.2,Regular
Jumpluff,Grass,Flying,75,55,70,55,95,110,31.5,6.61,Regular
Aipom,Normal,,55,70,55,40,55,85,31.5,25.35,Regular
Sunkern,Grass,,30,30,30,30,30,30,11.81,3.97,Regular
Sunflora,Grass,,75,75,55,105,85,30,31.5,18.74,Regular
Yanma,Bug,Flying,65,65,45,75,45,95,47.24,83.78,Regular
Wooper,Water,Ground,55,45,45,25,25,15,15.75,18.74,Regular
Quagsire,Water,Ground,95,85,85,65,65,35,55.12,165.35,Regular
Espeon,Psychic,,65,65,60,130,95,110,35.43,58.42,Regular
Umbreon,Dark,,95,65,110,60,130,65,39.37,59.52,Regular
Murkrow,Dark,Flying,60,85,42,85,42,91,19.69,4.63,Regular
Slowking,Water,Psychic,95,75,80,100,110,30,78.74,175.27,Regular
Misdreavus,Ghost,,60,60,60,85,85,85,27.56,2.2,Regular
Unown,Psychic,,48,72,48,72,48,48,19.69,11.02,Regular
Wobbuffet,Psychic,,190,33,58,33,58,33,51.18,62.83,Regular
Girafarig,Normal,Psychic,70,80,65,90,65,85,59.06,91.49,Regular
Pineco,Bug,,50,65,90,35,35,15,23.62,15.87,Regular
Forretress,Bug,Steel,75,90,140,60,60,40,47.24,277.34,Regular
Dunsparce,Normal,,100,70,70,65,65,45,59.06,30.86,Regular
Gligar,Ground,Flying,65,75,105,35,65,85,43.31,142.86,Regular
Steelix,Steel,Ground,75,85,200,55,65,30,362.2,881.85,Regular
Snubbull,Fairy,,60,80,50,40,40,30,23.62,17.2,Regular
Granbull,Fairy,,90,120,75,60,60,45,55.12,107.36,Regular
Qwilfish,Water,Poison,65,95,85,55,55,85,19.69,8.6,Regular
Scizor,Bug,Steel,70,130,100,55,80,65,70.87,260.15,Regular
Shuckle,Bug,Rock,20,10,230,10,230,5,23.62,45.19,Regular
Heracross,Bug,Fighting,80,125,75,40,95,85,59.06,119.05,Regular
Sneasel,Dark,Ice,55,95,55,35,75,115,35.43,61.73,Regular
Teddiursa,Normal,,60,80,50,50,50,40,23.62,19.4,Regular
Ursaring,Normal,,90,130,75,75,75,55,70.87,277.34,Regular
Slugma,Fire,,40,40,40,70,40,20,27.56,77.16,Regular
Magcargo,Fire,Rock,60,50,120,90,80,30,31.5,121.25,Regular
Swinub,Ice,Ground,50,50,40,30,30,50,15.75,14.33,Regular
Piloswine,Ice,Ground,100,100,80,60,60,50,43.31,123.02,Regular
Corsola,Water,Rock,65,55,95,65,95,35,23.62,11.02,Regular
Remoraid,Water,,35,65,35,65,35,65,23.62,26.46,Regular
Octillery,Water,,75,105,75,105,75,45,35.43,62.83,Regular
Delibird,Ice,Flying,45,55,45,65,45,75,35.43,35.27,Regular
Mantine,Water,Flying,85,40,70,80,140,70,82.68,485.02,Regular
Skarmory,Steel,Flying,65,80,140,40,70,70,66.93,111.33,Regular
Houndour,Dark,Fire,45,60,30,80,50,65,23.62,23.81,Regular
Houndoom,Dark,Fire,75,90,50,110,80,95,55.12,77.16,Regular
Kingdra,Water,Dragon,75,95,95,95,95,85,70.87,335.1,Regular
Phanpy,Ground,,90,60,60,40,40,40,19.69,73.85,Regular
Donphan,Ground,,90,120,120,60,60,50,43.31,264.55,Regular
Porygon2,Normal,,85,80,90,105,95,60,23.62,71.65,Regular
Stantler,Normal,,73,95,62,85,65,85,55.12,156.97,Regular
Smeargle,Normal,,55,20,35,20,45,75,47.24,127.87,Regular
Tyrogue,Fighting,,35,35,35,35,35,35,27.56,46.3,Regular
Hitmontop,Fighting,,50,95,95,35,110,70,55.12,105.82,Regular
Smoochum,Ice,Psychic,45,30,15,85,65,65,15.75,13.23,Regular
Elekid,Electric,,45,63,37,65,55,95,23.62,51.81,Regular
Magby,Fire,,45,75,37,70,55,83,27.56,47.18,Regular
Miltank,Normal,,95,80,105,40,70,100,47.24,166.45,Regular
Blissey,Normal,,255,10,10,75,135,55,59.06,103.18,Regular
Raikou,Electric,,90,85,75,115,100,115,74.8,392.42,Legendary
Entei,Fire,,115,115,85,90,75,100,82.68,436.51,Legendary
Suicune,Water,,100,75,115,90,115,85,78.74,412.26,Legendary
Larvitar,Rock,Ground,50,64,50,45,50,41,23.62,158.73,Regular
Pupitar,Rock,Ground,70,84,70,65,70,51,47.24,335.1,Regular
Tyranitar,Rock,Dark,100,134,110,95,100,61,78.74,445.33,Regular
Lugia,Psychic,Flying,106,90,130,90,154,110,204.72,476.2,Legendary
Ho-oh,Fire,Flying,106,130,90,110,154,90,149.61,438.72,Legendary
Celebi,Psychic,Grass,100,100,100,100,100,100,23.62,11.02,Regular
Treecko,Grass,,40,45,35,65,55,70,19.69,11.02,Regular
Grovyle,Grass,,50,65,45,85,65,95,35.43,47.62,Regular
Sceptile,Grass,,70,85,65,105,85,120,66.93,115.08,Regular
Torchic,Fire,,45,60,40,70,50,45,15.75,5.51,Regular
Combusken,Fire,Fighting,60,85,60,85,60,55,35.43,42.99,Regular
Blaziken,Fire,Fighting,80,120,70,110,70,80,74.8,114.64,Regular
Mudkip,Water,,50,70,50,50,50,40,15.75,16.76,Regular
Marshtomp,Water,Ground,70,85,70,60,70,50,27.56,61.73,Regular
Swampert,Water,Ground,100,110,90,85,90,60,59.06,180.56,Regular
Poochyena,Dark,,35,55,35,30,30,35,19.69,29.98,Regular
Mightyena,Dark,,70,90,70,60,60,70,39.37,81.57,Regular
Zigzagoon,Normal,,38,30,41,30,41,60,15.75,38.58,Regular
Linoone,Normal,,78,70,61,50,61,100,19.69,71.65,Regular
Wurmple,Bug,,45,45,35,20,30,20,11.81,7.94,Regular
Silcoon,Bug,,50,35,55,25,25,15,23.62,22.05,Regular
Beautifly,Bug,Flying,60,70,50,100,50,65,39.37,62.61,Regular
Cascoon,Bug,,50,35,55,25,25,15,27.56,25.35,Regular
Dustox,Bug,Poison,60,50,70,50,90,65,47.24,69.67,Regular
Lotad,Water,Grass,40,30,30,40,50,30,19.69,5.73,Regular
Lombre,Water,Grass,60,50,50,60,70,50,47.24,71.65,Regular
Ludicolo,Water,Grass,80,70,70,90,100,70,59.06,121.25,Regular
Seedot,Grass,,40,40,50,30,30,30,19.69,8.82,Regular
Nuzleaf,Grass,Dark,70,70,40,60,40,60,39.37,61.73,Regular
Shiftry,Grass,Dark,90,100,60,90,60,80,51.18,131.4,Regular
Taillow,Normal,Flying,40,55,30,30,30,85,11.81,5.07,Regular
Swellow,Normal,Flying,60,85,60,75,50,125,27.56,43.65,Regular
Wingull,Water,Flying,40,30,30,55,30,85,23.62,20.94,Regular
Pelipper,Water,Flying,60,50,100,95,70,65,47.24,61.73,Regular
Ralts,Psychic,Fairy,28,25,25,45,35,40,15.75,14.55,Regular
Kirlia,Psychic,Fairy,38,35,35,65,55,50,31.5,44.53,Regular
Gardevoir,Psychic,Fairy,68,65,65,125,115,80,62.99,106.7,Regular
Surskit,Bug,Water,40,30,32,50,52,65,19.69,3.75,Regular
Masquerain,Bug,Flying,70,60,62,100,82,80,31.5,7.94,Regular
Shroomish,Grass,,60,40,60,40,60,35,15.75,9.92,Regular
Breloom,Grass,Fighting,60,130,80,60,60,70,47.24,86.42,Regular
Slakoth,Normal,,60,60,60,35,35,30,31.5,52.91,Regular
Vigoroth,Normal,,80,80,80,55,55,90,55.12,102.51,Regular
Slaking,Normal,,150,160,100,95,65,100,78.74,287.7,Regular
Nincada,Bug,Ground,31,45,90,30,30,40,19.69,12.13,Regular
Ninjask,Bug,Flying,61,90,45,50,50,160,31.5,26.46,Regular
Shedinja,Bug,Ghost,1,90,45,30,30,40,31.5,2.65,Regular
Whismur,Normal,,64,51,23,51,23,28,23.62,35.94,Regular
Loudred,Normal,,84,71,43,71,43,48,39.37,89.29,Regular
Exploud,Normal,,104,91,63,91,73,68,59.06,185.19,Regular
Makuhita,Fighting,,72,60,30,20,30,25,39.37,190.48,Regular
Hariyama,Fighting,,144,120,60,40,60,50,90.55,559.53,Regular
Azurill,Normal,Fairy,50,20,40,20,40,20,7.87,4.41,Regular
Nosepass,Rock,,30,45,135,45,90,30,39.37,213.85,Regular
Skitty,Normal,,50,45,45,35,35,50,23.62,24.25,Regular
Delcatty,Normal,,70,65,65,55,55,90,43.31,71.87,Regular
Sableye,Dark,Ghost,50,75,75,65,65,50,19.69,24.25,Regular
Mawile,Steel,Fairy,50,85,85,55,55,50,23.62,25.35,Regular
Aron,Steel,Rock,50,70,100,40,40,30,15.75,132.28,Regular
Lairon,Steel,Rock,60,90,140,50,50,40,35.43,264.55,Regular
Aggron,Steel,Rock,70,110,180,60,60,50,82.68,793.66,Regular
Meditite,Fighting,Psychic,30,40,55,40,55,60,23.62,24.69,Regular
Medicham,Fighting,Psychic,60,60,75,60,75,80,51.18,69.45,Regular
Electrike,Electric,,40,45,40,65,40,65,23.62,33.51,Regular
Manectric,Electric,,70,75,60,105,60,105,59.06,88.63,Regular
Plusle,Electric,,60,50,40,85,75,95,15.75,9.26,Regular
Minun,Electric,,60,40,50,75,85,95,15.75,9.26,Regular
Volbeat,Bug,,65,73,75,47,85,85,27.56,39.02,Regular
Illumise,Bug,,65,47,75,73,85,85,23.62,39.02,Regular
Roselia,Grass,Poison,50,60,45,100,80,65,11.81,4.41,Regular
Gulpin,Poison,,70,43,53,43,53,40,15.75,22.71,Regular
Swalot,Poison,,100,73,83,73,83,55,66.93,176.37,Regular
Carvanha,Water,Dark,45,90,20,65,20,65,31.5,45.86,Regular
Sharpedo,Water,Dark,70,120,40,95,40,95,70.87,195.77,Regular
Wailmer,Water,,130,70,35,70,35,60,78.74,286.6,Regular
Wailord,Water,,170,90,45,90,45,60,570.87,877.44,Regular
Numel,Fire,Ground,60,60,40,65,45,35,27.56,52.91,Regular
Camerupt,Fire,Ground,70,100,70,105,75,40,74.8,485.02,Regular
Torkoal,Fire,,70,85,140,85,70,20,19.69,177.25,Regular
Spoink,Psychic,,60,25,35,70,80,60,27.56,67.46,Regular
Grumpig,Psychic,,80,45,65,90,110,80,35.43,157.63,Regular
Spinda,Normal,,60,60,60,60,60,60,43.31,11.02,Regular
Trapinch,Ground,,45,100,45,45,45,10,27.56,33.07,Regular
Vibrava,Ground,Dragon,50,70,50,50,50,70,43.31,33.73,Regular
Flygon,Ground,Dragon,80,100,80,80,80,100,78.74,180.78,Regular
Cacnea,Grass,,50,85,40,85,40,35,15.75,113.1,Regular
Cacturne,Grass,Dark,70,115,60,115,60,55,51.18,170.64,Regular
Swablu,Normal,Flying,45,40,60,40,75,50,15.75,2.65,Regular
Altaria,Dragon,Flying,75,70,90,70,105,80,43.31,45.42,Regular
Zangoose,Normal,,73,115,60,60,60,90,51.18,88.85,Regular
Seviper,Poison,,73,100,60,100,60,65,106.3,115.74,Regular
Lunatone,Rock,Psychic,90,55,65,95,85,70,39.37,370.38,Regular
Solrock,Rock,Psychic,90,95,85,55,65,70,47.24,339.51,Regular
Barboach,Water,Ground,50,48,43,46,41,60,15.75,4.19,Regular
Whiscash,Water,Ground,110,78,73,76,71,60,35.43,52.03,Regular
Corphish,Water,,43,80,65,50,35,35,23.62,25.35,Regular
Crawdaunt,Water,Dark,63,120,85,90,55,55,43.31,72.31,Regular
Baltoy,Ground,Psychic,40,40,55,40,70,55,19.69,47.4,Regular
Claydol,Ground,Psychic,60,70,105,70,120,75,59.06,238.1,Regular
Lileep,Rock,Grass,66,41,77,61,87,23,39.37,52.47,Regular
Cradily,Rock,Grass,86,81,97,81,107,43,59.06,133.16,Regular
Anorith,Rock,Bug,45,95,50,40,50,75,27.56,27.56,Regular
Armaldo,Rock,Bug,75,125,100,70,80,45,59.06,150.36,Regular
Feebas,Water,,20,15,20,10,55,80,23.62,16.31,Regular
Milotic,Water,,95,60,79,100,125,81,244.09,357.15,Regular
Castform,Normal,,70,70,70,70,70,70,11.81,1.76,Regular
Kecleon,Normal,,60,90,70,60,120,40,39.37,48.5,Regular
Shuppet,Ghost,,44,75,35,63,33,45,23.62,5.07,Regular
Banette,Ghost,,64,115,65,83,63,65,43.31,27.56,Regular
Duskull,Ghost,,20,40,90,30,90,25,31.5,33.07,Regular
Dusclops,Ghost,,40,70,130,60,130,25,62.99,67.46,Regular
Tropius,Grass,Flying,99,68,83,72,87,51,78.74,220.46,Regular
Chimecho,Psychic,,75,50,80,95,90,65,23.62,2.2,Regular
Absol,Dark,,65,130,60,75,60,75,47.24,103.62,Regular
Wynaut,Psychic,,95,23,48,23,48,23,23.62,30.86,Regular
Snorunt,Ice,,50,50,50,50,50,50,27.56,37.04,Regular
Glalie,Ice,,80,80,80,80,80,80,59.06,565.49,Regular
Spheal,Ice,Water,70,40,50,55,50,25,31.5,87.08,Regular
Sealeo,Ice,Water,90,60,70,75,70,45,43.31,193.12,Regular
Walrein,Ice,Water,110,80,90,95,90,65,55.12,332.02,Regular
Clamperl,Water,,35,64,85,74,55,32,15.75,115.74,Regular
Huntail,Water,,55,104,105,94,75,52,66.93,59.52,Regular
Gorebyss,Water,,55,84,105,114,75,52,70.87,49.82,Regular
Relicanth,Water,Rock,100,90,130,45,65,55,39.37,51.59,Regular
Luvdisc,Water,,43,30,55,40,65,97,23.62,19.18,Regular
Bagon,Dragon,,45,75,60,40,30,50,23.62,92.81,Regular
Shelgon,Dragon,,65,95,100,60,50,50,43.31,243.61,Regular
Salamence,Dragon,Flying,95,135,80,110,80,100,59.06,226.19,Regular
Beldum,Steel,Psychic,40,55,80,35,60,30,23.62,209.88,Regular
Metang,Steel,Psychic,60,75,100,55,80,50,47.24,446.44,Regular
Metagross,Steel,Psychic,80,135,130,95,90,70,62.99,1212.54,Regular
Regirock,Rock,,80,100,200,50,100,50,66.93,507.06,Legendary
Regice,Ice,,80,50,100,100,200,50,70.87,385.81,Legendary
Registeel,Steel,,80,75,150,75,150,50,74.8,451.95,Legendary
Latias,Dragon,Psychic,80,80,90,110,130,110,55.12,88.18,Legendary
Latios,Dragon,Psychic,80,90,80,130,110,110,78.74,132.28,Legendary
Kyogre,Water,,100,100,90,150,140,90,177.17,776.03,Legendary
Groudon,Ground,,100,150,140,100,90,90,137.8,2094.39,Legendary
Rayquaza,Dragon,Flying,105,150,90,150,90,95,275.59,455.25,Legendary
Jirachi,Steel,Psychic,100,100,100,100,100,100,11.81,2.43,Regular
Deoxys-normal,Psychic,,50,150,50,150,50,150,66.93,134.04,Regular
Turtwig,Grass,,55,68,64,45,55,31,15.75,22.49,Regular
Grotle,Grass,,75,89,85,55,65,36,43.31,213.85,Regular
Torterra,Grass,Ground,95,109,105,75,85,56,86.61,683.43,Regular
Chimchar,Fire,,44,58,44,58,44,61,19.69,13.67,Regular
Monferno,Fire,Fighting,64,78,52,78,52,81,35.43,48.5,Regular
Infernape,Fire,Fighting,76,104,71,104,71,108,47.24,121.25,Regular
Piplup,Water,,53,51,53,61,56,40,15.75,11.46,Regular
Prinplup,Water,,64,66,68,81,76,50,31.5,50.71,Regular
Empoleon,Water,Steel,84,86,88,111,101,60,66.93,186.29,Regular
Starly,Normal,Flying,40,55,30,30,30,60,11.81,4.41,Regular
Staravia,Normal,Flying,55,75,50,40,40,80,23.62,34.17,Regular
Staraptor,Normal,Flying,85,120,70,50,60,100,47.24,54.9,Regular
Bidoof,Normal,,59,45,40,35,40,31,19.69,44.09,Regular
Bibarel,Normal,Water,79,85,60,55,60,71,39.37,69.45,Regular
Kricketot,Bug,,37,25,41,25,41,25,11.81,4.85,Regular
Kricketune,Bug,,77,85,51,55,51,65,39.37,56.22,Regular
Shinx,Electric,,45,65,34,40,34,45,19.69,20.94,Regular
Luxio,Electric,,60,85,49,60,49,60,35.43,67.24,Regular
Luxray,Electric,,80,120,79,95,79,70,55.12,92.59,Regular
Budew,Grass,Poison,40,30,35,50,70,55,7.87,2.65,Regular
Roserade,Grass,Poison,60,70,65,125,105,90,35.43,31.97,Regular
Cranidos,Rock,,67,125,40,30,30,58,35.43,69.45,Regular
Rampardos,Rock,,97,165,60,65,50,58,62.99,225.97,Regular
Shieldon,Rock,Steel,30,42,118,42,88,30,19.69,125.66,Regular
Bastiodon,Rock,Steel,60,52,168,47,138,30,51.18,329.59,Regular
Burmy,Bug,,40,29,45,29,45,36,7.87,7.5,Regular
Wormadam-plant,Bug,Grass,60,59,85,79,105,36,19.69,14.33,Regular
Mothim,Bug,Flying,70,94,50,94,50,66,35.43,51.37,Regular
Combee,Bug,Flying,30,30,42,30,42,70,11.81,12.13,Regular
Vespiquen,Bug,Flying,70,80,102,80,102,40,47.24,84.88,Regular
Pachirisu,Electric,,60,45,70,45,90,95,15.75,8.6,Regular
Buizel,Water,,55,65,35,60,30,85,27.56,65.04,Regular
Floatzel,Water,,85,105,55,85,50,115,43.31,73.85,Regular
Cherubi,Grass,,45,35,45,62,53,35,15.75,7.28,Regular
Cherrim,Grass,,70,60,70,87,78,85,19.69,20.5,Regular
Shellos,Water,,76,48,48,57,62,34,11.81,13.89,Regular
Gastrodon,Water,Ground,111,83,68,92,82,39,35.43,65.92,Regular
Ambipom,Normal,,75,100,66,60,66,115,47.24,44.75,Regular
Drifloon,Ghost,Flying,90,50,34,60,44,70,15.75,2.65,Regular
Drifblim,Ghost,Flying,150,80,44,90,54,80,47.24,33.07,Regular
Buneary,Normal,,55,66,44,44,56,85,15.75,12.13,Regular
Lopunny,Normal,,65,76,84,54,96,105,47.24,73.41,Regular
Mismagius,Ghost,,60,60,60,105,105,105,35.43,9.7,Regular
Honchkrow,Dark,Flying,100,125,52,105,52,71,35.43,60.19,Regular
Glameow,Normal,,49,55,42,42,37,85,19.69,8.6,Regular
Purugly,Normal,,71,82,64,64,59,112,39.37,96.56,Regular
Chingling,Psychic,,45,30,50,65,50,45,7.87,1.32,Regular
Stunky,Poison,Dark,63,63,47,41,41,74,15.75,42.33,Regular
Skuntank,Poison,Dark,103,93,67,71,61,84,39.37,83.78,Regular
Bronzor,Steel,Psychic,57,24,86,24,86,23,19.69,133.38,Regular
Bronzong,Steel,Psychic,67,89,116,79,116,33,51.18,412.26,Regular
Bonsly,Rock,,50,80,95,10,45,10,19.69,33.07,Regular
Mime-jr,Psychic,Fairy,20,25,45,70,90,60,23.62,28.66,Regular
Happiny,Normal,,100,5,5,15,65,30,23.62,53.79,Regular
Chatot,Normal,Flying,76,65,45,92,42,91,19.69,4.19,Regular
Spiritomb,Ghost,Dark,50,92,108,92,108,35,39.37,238.1,Regular
Gible,Dragon,Ground,58,70,45,40,45,42,27.56,45.19,Regular
Gabite,Dragon,Ground,68,90,65,50,55,82,55.12,123.46,Regular
Garchomp,Dragon,Ground,108,130,95,80,85,102,74.8,209.44,Regular
Munchlax,Normal,,135,85,40,40,85,5,23.62,231.49,Regular
Riolu,Fighting,,40,70,40,35,40,60,27.56,44.53,Regular
Lucario,Fighting,Steel,70,110,70,115,70,90,47.24,119.05,Regular
Hippopotas,Ground,,68,72,78,38,42,32,31.5,109.13,Regular
Hippowdon,Ground,,108,112,118,68,72,47,78.74,661.39,Regular
Skorupi,Poison,Bug,40,50,90,30,55,65,31.5,26.46,Regular
Drapion,Poison,Dark,70,90,110,60,75,95,51.18,135.58,Regular
Croagunk,Poison,Fighting,48,61,40,61,40,50,27.56,50.71,Regular
Toxicroak,Poison,Fighting,83,106,65,86,65,85,51.18,97.89,Regular
Carnivine,Grass,,74,100,72,90,72,46,55.12,59.52,Regular
Finneon,Water,,49,49,56,49,61,66,15.75,15.43,Regular
Lumineon,Water,,69,69,76,69,86,91,47.24,52.91,Regular
Mantyke,Water,Flying,45,20,50,60,120,50,39.37,143.3,Regular
Snover,Grass,Ice,60,62,50,62,60,40,39.37,111.33,Regular
Abomasnow,Grass,Ice,90,92,75,92,85,60,86.61,298.73,Regular
Weavile,Dark,Ice,70,120,65,45,85,125,43.31,74.96,Regular
Magnezone,Electric,Steel,70,70,115,130,90,60,47.24,396.83,Regular
Lickilicky,Normal,,110,85,95,80,95,50,66.93,308.65,Regular
Rhyperior,Ground,Rock,115,140,130,55,55,40,94.49,623.47,Regular
Tangrowth,Grass,,100,100,125,110,50,50,78.74,283.51,Regular
Electivire,Electric,,75,123,67,95,85,95,70.87,305.56,Regular
Magmortar,Fire,,75,95,67,125,95,83,62.99,149.91,Regular
Togekiss,Fairy,Flying,85,50,95,120,115,80,59.06,83.78,Regular
Yanmega,Bug,Flying,86,76,86,116,56,95,74.8,113.54,Regular
Leafeon,Grass,,65,110,130,60,65,95,39.37,56.22,Regular
Glaceon,Ice,,65,60,110,130,95,65,31.5,57.1,Regular
Gliscor,Ground,Flying,75,95,125,45,75,95,78.74,93.7,Regular
Mamoswine,Ice,Ground,110,130,80,70,60,80,98.43,641.54,Regular
Porygon-z,Normal,,85,80,70,135,75,90,35.43,74.96,Regular
Gallade,Psychic,Fighting,68,125,65,65,115,80,62.99,114.64,Regular
Probopass,Rock,Steel,60,55,145,75,150,40,55.12,749.57,Regular
Dusknoir,Ghost,,45,100,135,65,135,45,86.61,235.01,Regular
Froslass,Ice,Ghost,70,80,70,80,70,110,51.18,58.64,Regular
Rotom,Electric,Ghost,50,50,77,95,77,91,11.81,0.66,Regular
Uxie,Psychic,,75,75,130,75,130,95,11.81,0.66,Legendary
Mesprit,Psychic,,80,105,105,105,105,80,11.81,0.66,Legendary
Azelf,Psychic,,75,125,70,125,70,115,11.81,0.66,Legendary
Dialga,Steel,Dragon,100,120,120,150,100,90,212.6,1505.76,Legendary
Palkia,Water,Dragon,90,120,100,150,120,100,165.35,740.75,Legendary
Heatran,Fire,Steel,91,90,106,130,106,77,66.93,947.99,Legendary
Regigigas,Normal,,110,160,110,80,110,100,145.67,925.94,Legendary
Giratina-altered,Ghost,Dragon,150,100,120,100,120,90,177.17,1653.46,Legendary
Cresselia,Psychic,,120,70,120,75,130,85,59.06,188.72,Legendary
Phione,Water,,80,80,80,80,80,80,15.75,6.83,Regular
Manaphy,Water,,100,100,100,100,100,100,11.81,3.09,Regular
Darkrai,Dark,,70,90,90,135,90,125,59.06,111.33,Regular
Shaymin-land,Grass,,100,100,100,100,100,100,7.87,4.63,Regular
Arceus,Normal,,120,120,120,120,120,120,125.98,705.48,Regular
Victini,Psychic,Fire,100,100,100,100,100,100,15.75,8.82,Regular
Snivy,Grass,,45,45,55,45,55,63,23.62,17.86,Regular
Servine,Grass,,60,60,75,60,75,83,31.5,35.27,Regular
Serperior,Grass,,75,75,95,75,95,113,129.92,138.89,Regular
Tepig,Fire,,65,63,45,45,45,45,19.69,21.83,Regular
Pignite,Fire,Fighting,90,93,55,70,55,55,39.37,122.36,Regular
Emboar,Fire,Fighting,110,123,65,100,65,65,62.99,330.69,Regular
Oshawott,Water,,55,55,45,63,45,45,19.69,13.01,Regular
Dewott,Water,,75,75,60,83,60,60,31.5,54.01,Regular
Samurott,Water,,95,100,85,108,70,70,59.06,208.56,Regular
Patrat,Normal,,45,55,39,35,39,42,19.69,25.57,Regular
Watchog,Normal,,60,85,69,60,69,77,43.31,59.52,Regular
Lillipup,Normal,,45,60,45,25,45,55,15.75,9.04,Regular
Herdier,Normal,,65,80,65,35,65,60,35.43,32.41,Regular
Stoutland,Normal,,85,110,90,45,90,80,47.24,134.48,Regular
Purrloin,Dark,,41,50,37,50,37,66,15.75,22.27,Regular
Liepard,Dark,,64,88,50,88,50,106,43.31,82.67,Regular
Pansage,Grass,,50,53,48,53,48,64,23.62,23.15,Regular
Simisage,Grass,,75,98,63,98,63,101,43.31,67.24,Regular
Pansear,Fire,,50,53,48,53,48,64,23.62,24.25,Regular
Simisear,Fire,,75,98,63,98,63,101,39.37,61.73,Regular
Panpour,Water,,50,53,48,53,48,64,23.62,29.76,Regular
Simipour,Water,,75,98,63,98,63,101,39.37,63.93,Regular
Munna,Psychic,,76,25,45,67,55,24,23.62,51.37,Regular
Musharna,Psychic,,116,55,85,107,95,29,43.31,133.38,Regular
Pidove,Normal,Flying,50,55,50,36,30,43,11.81,4.63,Regular
Tranquill,Normal,Flying,62,77,62,50,42,65,23.62,33.07,Regular
Unfezant,Normal,Flying,80,115,80,65,55,93,47.24,63.93,Regular
Blitzle,Electric,,45,60,32,50,32,76,31.5,65.7,Regular
Zebstrika,Electric,,75,100,63,80,63,116,62.99,175.27,Regular
Roggenrola,Rock,,55,75,85,25,25,15,15.75,39.68,Regular
Boldore,Rock,,70,105,105,50,40,20,35.43,224.87,Regular
Gigalith,Rock,,85,135,130,60,80,25,66.93,573.2,Regular
Woobat,Psychic,Flying,65,45,43,55,43,72,15.75,4.63,Regular
Swoobat,Psychic,Flying,67,57,55,77,55,114,35.43,23.15,Regular
Drilbur,Ground,,60,85,40,30,45,68,11.81,18.74,Regular
Excadrill,Ground,Steel,110,135,60,50,65,88,27.56,89.07,Regular
Audino,Normal,,103,60,86,60,86,50,43.31,68.34,Regular
Timburr,Fighting,,75,80,55,25,35,35,23.62,27.56,Regular
Gurdurr,Fighting,,85,105,85,40,50,40,47.24,88.18,Regular
Conkeldurr,Fighting,,105,140,95,55,65,45,55.12,191.8,Regular
Tympole,Water,,50,50,40,50,40,64,19.69,9.92,Regular
Palpitoad,Water,Ground,75,65,55,65,55,69,31.5,37.48,Regular
Seismitoad,Water,Ground,105,95,75,85,75,74,59.06,136.69,Regular
Throh,Fighting,,120,100,85,30,85,45,51.18,122.36,Regular
Sawk,Fighting,,75,125,75,30,75,85,55.12,112.44,Regular
Sewaddle,Bug,Grass,45,53,70,40,60,42,11.81,5.51,Regular
Swadloon,Bug,Grass,55,63,90,50,80,42,19.69,16.09,Regular
Leavanny,Bug,Grass,75,103,80,70,80,92,47.24,45.19,Regular
Venipede,Bug,Poison,30,45,59,30,39,57,15.75,11.68,Regular
Whirlipede,Bug,Poison,40,55,99,40,79,47,47.24,128.97,Regular
Scolipede,Bug,Poison,60,100,89,55,69,112,98.43,442.03,Regular
Cottonee,Grass,Fairy,40,27,60,37,50,66,11.81,1.32,Regular
Whimsicott,Grass,Fairy,60,67,85,77,75,116,27.56,14.55,Regular
Petilil,Grass,,45,35,50,70,50,30,19.69,14.55,Regular
Lilligant,Grass,,70,60,75,110,75,90,43.31,35.94,Regular
Basculin-red-striped,Water,,70,92,65,80,55,98,39.37,39.68,Regular
Sandile,Ground,Dark,50,72,35,35,35,65,27.56,33.51,Regular
Krokorok,Ground,Dark,60,82,45,45,45,74,39.37,73.63,Regular
Krookodile,Ground,Dark,95,117,80,65,70,92,59.06,212.3,Regular
Darumaka,Fire,,70,90,45,15,45,50,23.62,82.67,Regular
Darmanitan-standard,Fire,,105,140,55,30,55,95,51.18,204.81,Regular
Maractus,Grass,,75,86,67,106,67,60,39.37,61.73,Regular
Dwebble,Bug,Rock,50,65,85,35,35,55,11.81,31.97,Regular
Crustle,Bug,Rock,70,105,125,65,75,45,55.12,440.92,Regular
Scraggy,Dark,Fighting,50,75,70,35,70,48,23.62,26.01,Regular
Scrafty,Dark,Fighting,65,90,115,45,115,58,43.31,66.14,Regular
Sigilyph,Psychic,Flying,72,58,80,103,80,97,55.12,30.86,Regular
Yamask,Ghost,,38,30,85,55,65,30,19.69,3.31,Regular
Cofagrigus,Ghost,,58,50,145,95,105,30,66.93,168.65,Regular
Tirtouga,Water,Rock,54,78,103,53,45,22,27.56,36.38,Regular
Carracosta,Water,Rock,74,108,133,83,65,32,47.24,178.57,Regular
Archen,Rock,Flying,55,112,45,74,45,70,19.69,20.94,Regular
Archeops,Rock,Flying,75,140,65,112,65,110,55.12,70.55,Regular
Trubbish,Poison,,50,50,62,40,62,65,23.62,68.34,Regular
Garbodor,Poison,,80,95,82,60,82,75,74.8,236.56,Regular
Zorua,Dark,,40,65,40,80,40,65,27.56,27.56,Regular
Zoroark,Dark,,60,105,60,120,60,105,62.99,178.79,Regular
Minccino,Normal,,55,50,40,40,40,75,15.75,12.79,Regular
Cinccino,Normal,,75,95,60,65,60,115,19.69,16.53,Regular
Gothita,Psychic,,45,30,50,55,65,45,15.75,12.79,Regular
Gothorita,Psychic,,60,45,70,75,85,55,27.56,39.68,Regular
Gothitelle,Psychic,,70,55,95,95,110,65,59.06,97.0,Regular
Solosis,Psychic,,45,30,40,105,50,20,11.81,2.2,Regular
Duosion,Psychic,,65,40,50,125,60,30,23.62,17.64,Regular
Reuniclus,Psychic,,110,65,75,125,85,30,39.37,44.31,Regular
Ducklett,Water,Flying,62,44,50,44,50,55,19.69,12.13,Regular
Swanna,Water,Flying,75,87,63,87,63,98,51.18,53.35,Regular
Vanillite,Ice,,36,50,50,65,60,44,15.75,12.57,Regular
Vanillish,Ice,,51,65,65,80,75,59,43.31,90.39,Regular
Vanilluxe,Ice,,71,95,85,110,95,79,51.18,126.77,Regular
Deerling,Normal,Grass,60,60,50,40,50,75,23.62,42.99,Regular
Sawsbuck,Normal,Grass,80,100,70,60,70,95,74.8,203.93,Regular
Emolga,Electric,Flying,55,75,60,75,60,103,15.75,11.02,Regular
Karrablast,Bug,,50,75,45,40,45,60,19.69,13.01,Regular
Escavalier,Bug,Steel,70,135,105,60,105,20,39.37,72.75,Regular
Foongus,Grass,Poison,69,55,45,55,55,15,7.87,2.2,Regular
Amoonguss,Grass,Poison,114,85,70,85,80,30,23.62,23.15,Regular
Frillish,Water,Ghost,55,40,50,65,85,40,47.24,72.75,Regular
Jellicent,Water,Ghost,100,60,70,85,105,60,86.61,297.62,Regular
Alomomola,Water,,165,75,80,40,45,65,47.24,69.67,Regular
Joltik,Bug,Electric,50,47,50,57,50,65,3.94,1.32,Regular
Galvantula,Bug,Electric,70,77,60,97,60,108,31.5,31.53,Regular
Ferroseed,Grass,Steel,44,50,91,24,86,10,23.62,41.45,Regular
Ferrothorn,Grass,Steel,74,94,131,54,116,20,39.37,242.51,Regular
Klink,Steel,,40,55,70,45,60,30,11.81,46.3,Regular
Klang,Steel,,60,80,95,70,85,50,23.62,112.44,Regular
Klinklang,Steel,,60,100,115,70,85,90,23.62,178.57,Regular
Tynamo,Electric,,35,55,40,45,40,60,7.87,0.66,Regular
Eelektrik,Electric,,65,85,70,75,70,40,47.24,48.5,Regular
Eelektross,Electric,,85,115,80,105,80,50,82.68,177.47,Regular
Elgyem,Psychic,,55,55,55,85,55,30,19.69,19.84,Regular
Beheeyem,Psychic,,75,75,75,125,95,40,39.37,76.06,Regular
Litwick,Ghost,Fire,50,30,55,65,55,20,11.81,6.83,Regular
Lampent,Ghost,Fire,60,40,60,95,60,55,23.62,28.66,Regular
Chandelure,Ghost,Fire,60,55,90,145,90,80,39.37,75.62,Regular
Axew,Dragon,,46,87,60,30,40,57,23.62,39.68,Regular
Fraxure,Dragon,,66,117,70,40,50,67,39.37,79.37,Regular
Haxorus,Dragon,,76,147,90,60,70,97,70.87,232.59,Regular
Cubchoo,Ice,,55,70,40,60,40,40,19.69,18.74,Regular
Beartic,Ice,,95,130,80,70,80,50,102.36,573.2,Regular
Cryogonal,Ice,,80,50,50,95,135,105,43.31,326.28,Regular
Shelmet,Bug,,50,40,85,40,65,25,15.75,16.98,Regular
Accelgor,Bug,,80,70,40,100,60,145,31.5,55.78,Regular
Stunfisk,Ground,Electric,109,66,84,81,99,32,27.56,24.25,Regular
Mienfoo,Fighting,,45,85,50,55,50,65,35.43,44.09,Regular
Mienshao,Fighting,,65,125,60,95,60,105,55.12,78.26,Regular
Druddigon,Dragon,,77,120,90,60,90,48,62.99,306.44,Regular
Golett,Ground,Ghost,59,74,50,35,50,35,39.37,202.83,Regular
Golurk,Ground,Ghost,89,124,80,55,80,55,110.24,727.52,Regular
Pawniard,Dark,Steel,45,85,70,40,40,60,19.69,22.49,Regular
Bisharp,Dark,Steel,65,125,100,60,70,70,62.99,154.32,Regular
Bouffalant,Normal,,95,110,95,40,95,55,62.99,208.56,Regular
Rufflet,Normal,Flying,70,83,50,37,50,60,19.69,23.15,Regular
Braviary,Normal,Flying,100,123,75,57,75,80,59.06,90.39,Regular
Vullaby,Dark,Flying,70,55,75,45,65,60,19.69,19.84,Regular
Mandibuzz,Dark,Flying,110,65,105,55,95,80,47.24,87.08,Regular
Heatmor,Fire,,85,97,66,105,66,65,55.12,127.87,Regular
Durant,Bug,Steel,58,109,112,48,48,109,11.81,72.75,Regular
Deino,Dark,Dragon,52,65,50,45,50,38,31.5,38.14,Regular
Zweilous,Dark,Dragon,72,85,70,65,70,58,55.12,110.23,Regular
Hydreigon,Dark,Dragon,92,105,90,125,90,98,70.87,352.74,Regular
Larvesta,Bug,Fire,55,85,55,50,55,60,43.31,63.49,Regular
Volcarona,Bug,Fire,85,60,65,135,105,100,62.99,101.41,Regular
Cobalion,Steel,Fighting,91,90,129,90,72,108,82.68,551.16,Legendary
Terrakion,Rock,Fighting,91,129,90,72,90,108,74.8,573.2,Legendary
Virizion,Grass,Fighting,91,90,72,90,129,108,78.74,440.92,Legendary
Tornadus-incarnate,Flying,,79,115,70,125,80,111,59.06,138.89,Legendary
Thundurus-incarnate,Electric,Flying,79,115,70,125,80,111,59.06,134.48,Legendary
Reshiram,Dragon,Fire,100,120,100,150,120,90,125.98,727.52,Legendary
Zekrom,Dragon,Electric,100,150,120,120,100,90,114.17,760.59,Legendary
Landorus-incarnate,Ground,Flying,89,125,90,115,80,101,59.06,149.91,Legendary
Kyurem,Dragon,Ice,125,130,90,130,90,95,118.11,716.5,Legendary
Keldeo-ordinary,Water,Fighting,91,72,90,129,90,108,55.12,106.92,Regular
Meloetta-aria,Normal,Psychic,100,77,77,128,128,90,23.62,14.33,Regular
Genesect,Bug,Steel,71,120,95,120,95,99,59.06,181.88,Regular
Chespin,Grass,,56,61,65,48,45,38,15.75,19.84,Regular
Quilladin,Grass,,61,78,95,56,58,57,27.56,63.93,Regular
Chesnaught,Grass,Fighting,88,107,122,74,75,64,62.99,198.42,Regular
Fennekin,Fire,,40,45,40,62,60,60,15.75,20.72,Regular
Braixen,Fire,,59,59,58,90,70,73,39.37,31.97,Regular
Delphox,Fire,Psychic,75,69,72,114,100,104,59.06,85.98,Regular
Froakie,Water,,41,56,40,62,44,71,11.81,15.43,Regular
Frogadier,Water,,54,63,52,83,56,97,23.62,24.03,Regular
Greninja,Water,Dark,72,95,67,103,71,122,59.06,88.18,Regular
Bunnelby,Normal,,38,36,38,32,36,57,15.75,11.02,Regular
Diggersby,Normal,Ground,85,56,77,50,77,78,39.37,93.48,Regular
Fletchling,Normal,Flying,45,50,43,40,38,62,11.81,3.75,Regular
Fletchinder,Fire,Flying,62,73,55,56,52,84,27.56,35.27,Regular
Talonflame,Fire,Flying,78,81,71,74,69,126,47.24,54.01,Regular
Scatterbug,Bug,,38,35,40,27,25,35,11.81,5.51,Regular
Spewpa,Bug,,45,22,60,27,30,29,11.81,18.52,Regular
Vivillon,Bug,Flying,80,52,50,90,50,89,47.24,37.48,Regular
Litleo,Fire,Normal,62,50,58,73,54,72,23.62,29.76,Regular
Pyroar,Fire,Normal,86,68,72,109,66,106,59.06,179.68,Regular
Flabebe,Fairy,,44,38,39,61,79,42,3.94,0.22,Regular
Floette,Fairy,,54,45,47,75,98,52,7.87,1.98,Regular
Florges,Fairy,,78,65,68,112,154,75,43.31,22.05,Regular
Skiddo,Grass,,66,65,48,62,57,52,35.43,68.34,Regular
Gogoat,Grass,,123,100,62,97,81,68,66.93,200.62,Regular
Pancham,Fighting,,67,82,62,46,48,43,23.62,17.64,Regular
Pangoro,Fighting,Dark,95,124,78,69,71,58,82.68,299.83,Regular
Furfrou,Normal,,75,80,60,65,90,102,47.24,61.73,Regular
Espurr,Psychic,,62,48,54,63,60,68,11.81,7.72,Regular
Meowstic-male,Psychic,,74,48,76,83,81,104,23.62,18.74,Regular
Honedge,Steel,Ghost,45,80,100,35,37,28,31.5,4.41,Regular
Doublade,Steel,Ghost,59,110,150,45,49,35,31.5,9.92,Regular
Aegislash-shield,Steel,Ghost,60,50,140,50,140,60,66.93,116.84,Regular
Spritzee,Fairy,,78,52,60,63,65,23,7.87,1.1,Regular
Aromatisse,Fairy,,101,72,72,99,89,29,31.5,34.17,Regular
Swirlix,Fairy,,62,48,66,59,57,49,15.75,7.72,Regular
Slurpuff,Fairy,,82,80,86,85,75,72,31.5,11.02,Regular
Inkay,Dark,Psychic,53,54,53,37,46,45,15.75,7.72,Regular
Malamar,Dark,Psychic,86,92,88,68,75,73,59.06,103.62,Regular
Binacle,Rock,Water,42,52,67,39,56,50,19.69,68.34,Regular
Barbaracle,Rock,Water,72,105,115,54,86,68,51.18,211.64,Regular
Skrelp,Poison,Water,50,60,60,60,60,30,19.69,16.09,Regular
Dragalge,Poison,Dragon,65,75,90,97,123,44,70.87,179.68,Regular
Clauncher,Water,,50,53,62,58,63,44,19.69,18.3,Regular
Clawitzer,Water,,71,73,88,120,89,59,51.18,77.82,Regular
Helioptile,Electric,Normal,44,38,33,61,43,70,19.69,13.23,Regular
Heliolisk,Electric,Normal,62,55,52,109,94,109,39.37,46.3,Regular
Tyrunt,Rock,Dragon,58,89,77,45,45,48,31.5,57.32,Regular
Tyrantrum,Rock,Dragon,82,121,119,69,59,71,98.43,595.25,Regular
Amaura,Rock,Ice,77,59,50,67,63,46,51.18,55.56,Regular
Aurorus,Rock,Ice,123,77,72,99,92,58,106.3,496.04,Regular
Sylveon,Fairy,,95,65,65,110,130,60,39.37,51.81,Regular
Hawlucha,Fighting,Flying,78,92,75,74,63,118,31.5,47.4,Regular
Dedenne,Electric,Fairy,67,58,57,81,67,101,7.87,4.85,Regular
Carbink,Rock,Fairy,50,50,150,50,150,50,11.81,12.57,Regular
Goomy,Dragon,,45,50,35,55,75,40,11.81,6.17,Regular
Sliggoo,Dragon,,68,75,53,83,113,60,31.5,38.58,Regular
Goodra,Dragon,,90,100,70,110,150,80,78.74,331.8,Regular
Klefki,Steel,Fairy,57,80,91,80,87,75,7.87,6.61,Regular
Phantump,Ghost,Grass,43,70,48,50,60,38,15.75,15.43,Regular
Trevenant,Ghost,Grass,85,110,76,65,82,56,59.06,156.53,Regular
Pumpkaboo-average,Ghost,Grass,49,66,70,44,55,51,15.75,11.02,Regular
Gourgeist-average,Ghost,Grass,65,90,122,58,75,84,35.43,27.56,Regular
Bergmite,Ice,,55,69,85,32,35,28,39.37,219.36,Regular
Avalugg,Ice,,95,117,184,44,46,28,78.74,1113.33,Regular
Noibat,Flying,Dragon,40,30,35,45,40,55,19.69,17.64,Regular
Noivern,Flying,Dragon,85,70,80,97,80,123,59.06,187.39,Regular
Xerneas,Fairy,,126,131,95,131,98,99,118.11,473.99,Legendary
Yveltal,Dark,Flying,126,131,95,131,98,99,228.35,447.54,Legendary
Zygarde-50,Dragon,Ground,108,100,121,81,95,95,196.85,672.41,Legendary
Diancie,Rock,Fairy,50,100,150,100,150,50,27.56,19.4,Regular
Hoopa,Psychic,Ghost,80,110,60,150,130,70,19.69,19.84,Regular
Volcanion,Fire,Water,80,110,120,130,90,70,66.93,429.9,Regular
Rowlet,Grass,Flying,68,55,55,50,50,42,11.81,3.31,Regular
Dartrix,Grass,Flying,78,75,75,70,70,52,27.56,35.27,Regular
Decidueye,Grass,Ghost,78,107,75,100,100,70,62.99,80.69,Regular
Litten,Fire,,45,65,40,60,40,70,15.75,9.48,Regular
Torracat,Fire,,65,85,50,80,50,90,27.56,55.12,Regular
Incineroar,Fire,Dark,95,115,90,80,90,60,70.87,182.98,Regular
Popplio,Water,,50,54,54,66,56,40,15.75,16.53,Regular
Brionne,Water,,60,69,69,91,81,50,23.62,38.58,Regular
Primarina,Water,Fairy,80,74,74,126,116,60,70.87,97.0,Regular
Pikipek,Normal,Flying,35,75,30,30,30,65,11.81,2.65,Regular
Trumbeak,Normal,Flying,55,85,50,40,50,75,23.62,32.63,Regular
Toucannon,Normal,Flying,80,120,75,75,75,60,43.31,57.32,Regular
Yungoos,Normal,,48,70,30,30,30,45,15.75,13.23,Regular
Gumshoos,Normal,,88,110,60,55,60,45,27.56,31.31,Regular
Grubbin,Bug,,47,62,45,55,45,46,15.75,9.7,Regular
Charjabug,Bug,Electric,57,82,95,55,75,36,19.69,23.15,Regular
Vikavolt,Bug,Electric,77,70,90,145,75,43,59.06,99.21,Regular
Crabrawler,Fighting,,47,82,57,42,47,63,23.62,15.43,Regular
Crabominable,Fighting,Ice,97,132,77,62,67,43,66.93,396.83,Regular
Oricorio-baile,Fire,Flying,75,70,70,98,70,93,23.62,7.5,Regular
Cutiefly,Bug,Fairy,40,45,40,55,40,84,3.94,0.44,Regular
Ribombee,Bug,Fairy,60,55,60,95,70,124,7.87,1.1,Regular
Rockruff,Rock,,45,65,40,30,40,60,19.69,20.28,Regular
Lycanroc-midday,Rock,,75,115,65,55,65,112,31.5,55.12,Regular
Wishiwashi-solo,Water,,45,20,20,25,25,40,7.87,0.66,Regular
Mareanie,Poison,Water,50,53,62,43,52,45,15.75,17.64,Regular
Toxapex,Poison,Water,50,63,152,53,142,35,27.56,31.97,Regular
Mudbray,Ground,,70,100,70,45,55,45,39.37,242.51,Regular
Mudsdale,Ground,,100,125,100,55,85,35,98.43,2028.25,Regular
Dewpider,Water,Bug,38,40,52,40,72,27,11.81,8.82,Regular
Araquanid,Water,Bug,68,70,92,50,132,42,70.87,180.78,Regular
Fomantis,Grass,,40,55,35,50,35,35,11.81,3.31,Regular
Lurantis,Grass,,70,105,90,80,90,45,35.43,40.79,Regular
Morelull,Grass,Fairy,40,35,55,65,75,15,7.87,3.31,Regular
Shiinotic,Grass,Fairy,60,45,80,90,100,30,39.37,25.35,Regular
Salandit,Poison,Fire,48,44,40,71,40,77,23.62,10.58,Regular
Salazzle,Poison,Fire,68,64,60,111,60,117,47.24,48.94,Regular
Stufful,Normal,Fighting,70,75,50,45,50,50,19.69,14.99,Regular
Bewear,Normal,Fighting,120,125,80,55,60,60,82.68,297.62,Regular
Bounsweet,Grass,,42,30,38,30,38,32,11.81,7.05,Regular
Steenee,Grass,,52,40,48,40,48,62,27.56,18.08,Regular
Tsareena,Grass,,72,120,98,50,98,72,47.24,47.18,Regular
Comfey,Fairy,,51,52,90,82,110,100,3.94,0.66,Regular
Oranguru,Normal,Psychic,90,60,80,90,110,60,59.06,167.55,Regular
Passimian,Fighting,,100,120,90,40,60,80,78.74,182.54,Regular
Wimpod,Bug,Water,25,35,40,20,30,80,19.69,26.46,Regular
Golisopod,Bug,Water,75,125,140,60,90,40,78.74,238.1,Regular
Sandygast,Ghost,Ground,55,55,80,70,45,15,19.69,154.32,Regular
Palossand,Ghost,Ground,85,75,110,100,75,35,51.18,551.16,Regular
Pyukumuku,Water,,55,60,130,30,130,5,11.81,2.65,Regular
Type-null,Normal,,95,95,95,95,95,59,74.8,265.66,Regular
Silvally,Normal,,95,95,95,95,95,95,90.55,221.56,Legendary
Minior-red-meteor,Rock,Flying,60,60,100,60,100,60,11.81,88.18,Regular
Komala,Normal,,65,115,65,75,95,65,15.75,43.87,Regular
Turtonator,Fire,Dragon,60,78,135,91,85,36,78.74,467.38,Regular
Togedemaru,Electric,Steel,65,98,63,40,73,96,11.81,7.28,Regular
Mimikyu-disguised,Ghost,Fairy,55,90,80,50,105,96,7.87,1.54,Regular
Bruxish,Water,Psychic,68,105,70,70,70,92,35.43,41.89,Regular
Drampa,Normal,Dragon,78,60,85,135,91,36,118.11,407.85,Regular
Dhelmise,Ghost,Grass,70,131,100,86,90,40,153.54,462.97,Regular
Jangmo-o,Dragon,,45,55,65,45,45,45,23.62,65.48,Regular
Hakamo-o,Dragon,Fighting,55,75,90,65,70,65,47.24,103.62,Regular
Kommo-o,Dragon,Fighting,75,110,125,100,105,85,62.99,172.4,Regular
Tapu-koko,Electric,Fairy,70,115,85,95,75,130,70.87,45.19,Legendary
Tapu-lele,Psychic,Fairy,70,85,75,130,115,95,47.24,41.01,Legendary
Tapu-bulu,Grass,Fairy,70,130,115,85,95,75,74.8,100.31,Legendary
Tapu-fini,Water,Fairy,70,75,115,95,130,85,51.18,46.74,Legendary
Cosmog,Psychic,,43,29,31,29,31,37,7.87,0.22,Legendary
Cosmoem,Psychic,,43,29,131,29,131,37,3.94,2204.4,Legendary
Solgaleo,Psychic,Steel,137,137,107,113,89,97,133.86,507.06,Legendary
Lunala,Psychic,Ghost,137,113,89,137,107,97,157.48,264.55,Legendary
Nihilego,Rock,Poison,109,53,47,127,131,103,47.24,122.36,Regular
Buzzwole,Bug,Fighting,107,139,139,53,53,79,94.49,735.46,Regular
Pheromosa,Bug,Fighting,71,137,37,137,37,151,70.87,55.12,Regular
Xurkitree,Electric,,83,89,71,173,71,83,149.61,220.46,Regular
Celesteela,Steel,Flying,97,101,103,107,101,61,362.2,2204.4,Regular
Kartana,Grass,Steel,59,181,131,59,31,109,11.81,0.22,Regular
Guzzlord,Dark,Dragon,223,101,53,97,53,43,216.54,1957.7,Regular
Necrozma,Psychic,,97,107,101,127,89,79,94.49,507.06,Legendary
Magearna,Steel,Fairy,80,95,115,130,115,65,39.37,177.47,Regular
Marshadow,Fighting,Ghost,90,125,80,90,90,125,27.56,48.94,Regular
Poipole,Poison,,67,73,67,73,67,73,23.62,3.97,Regular
Naganadel,Poison,Dragon,73,73,73,127,73,121,141.73,330.69,Regular
Stakataka,Rock,Steel,61,131,211,53,101,13,216.54,1807.79,Regular
Blacephalon,Fire,Ghost,53,127,53,151,79,107,70.87,28.66,Regular
Zeraora,Electric,,88,112,75,102,80,143,59.06,98.11,Regular
Meltan,Steel,,46,65,65,55,35,34,7.87,17.64,Regular
Melmetal,Steel,,135,143,143,80,65,34,98.43,1763.7,Regular
Grookey,Grass,,50,65,50,40,40,65,11.81,11.02,Regular
Thwackey,Grass,,70,85,70,55,60,80,27.56,30.86,Regular
Rillaboom,Grass,,100,125,90,60,70,85,82.68,198.42,Regular
Scorbunny,Fire,,50,71,40,40,40,69,11.81,9.92,Regular
Raboot,Fire,,65,86,60,55,60,94,23.62,19.84,Regular
Cinderace,Fire,,80,116,75,65,75,119,55.12,72.75,Regular
Sobble,Water,,50,40,40,70,40,70,11.81,8.82,Regular
Drizzile,Water,,65,60,55,95,55,90,27.56,25.35,Regular
Inteleon,Water,,70,85,65,125,65,120,74.8,99.65,Regular
Skwovet,Normal,,70,55,55,35,35,25,11.81,5.51,Regular
Greedent,Normal,,120,95,95,55,75,20,23.62,13.23,Regular
Rookidee,Flying,,38,47,35,33,35,57,7.87,3.97,Regular
Corvisquire,Flying,,68,67,55,43,55,77,31.5,35.27,Regular
Corviknight,Flying,Steel,98,87,105,53,85,67,86.61,165.35,Regular
Blipbug,Bug,,25,20,20,25,45,45,15.75,17.64,Regular
Dottler,Bug,Psychic,50,35,80,50,90,30,15.75,42.99,Regular
Orbeetle,Bug,Psychic,60,45,110,80,120,90,15.75,89.95,Regular
Nickit,Dark,,40,28,28,47,52,50,23.62,19.62,Regular
Thievul,Dark,,70,58,58,87,92,90,47.24,43.87,Regular
Gossifleur,Grass,,40,40,60,40,60,10,15.75,4.85,Regular
Eldegoss,Grass,,60,50,90,80,120,60,19.69,5.51,Regular
Wooloo,Normal,,42,40,55,40,45,48,23.62,13.23,Regular
Dubwool,Normal,,72,80,100,60,90,88,51.18,94.8,Regular
Chewtle,Water,,50,64,50,38,38,44,11.81,18.74,Regular
Drednaw,Water,Rock,90,115,90,48,68,74,39.37,254.63,Regular
Yamper,Electric,,59,45,50,40,50,26,11.81,29.76,Regular
Boltund,Electric,,69,90,60,90,60,121,39.37,74.96,Regular
Rolycoly,Rock,,30,40,50,40,50,30,11.81,26.46,Regular
Carkol,Rock,Fire,80,60,90,60,70,50,43.31,171.96,Regular
Coalossal,Rock,Fire,110,80,120,80,90,30,110.24,684.53,Regular
Applin,Grass,Dragon,40,40,80,40,40,20,7.87,1.1,Regular
Flapple,Grass,Dragon,70,110,80,95,60,70,11.81,2.2,Regular
Appletun,Grass,Dragon,110,85,80,100,80,30,15.75,28.66,Regular
Silicobra,Ground,,52,57,75,35,50,46,86.61,16.76,Regular
Sandaconda,Ground,,72,107,125,65,70,71,149.61,144.4,Regular
Cramorant,Flying,Water,70,85,55,85,95,85,31.5,39.68,Regular
Arrokuda,Water,,41,63,40,40,30,66,19.69,2.2,Regular
Barraskewda,Water,,61,123,60,60,50,136,51.18,66.14,Regular
Toxel,Electric,Poison,40,38,35,54,35,40,15.75,24.25,Regular
Toxtricity-amped,Electric,Poison,75,98,70,114,70,75,62.99,88.18,Regular
Sizzlipede,Fire,Bug,50,65,45,50,50,45,27.56,2.2,Regular
Centiskorch,Fire,Bug,100,115,65,90,90,65,118.11,264.55,Regular
Clobbopus,Fighting,,50,68,60,50,50,32,23.62,8.82,Regular
Grapploct,Fighting,,80,118,90,70,80,42,62.99,85.98,Regular
Sinistea,Ghost,,40,45,45,74,54,50,3.94,0.44,Regular
Polteageist,Ghost,,60,65,65,134,114,70,7.87,0.88,Regular
Hatenna,Psychic,,42,30,45,56,53,39,15.75,7.5,Regular
Hattrem,Psychic,,57,40,65,86,73,49,23.62,10.58,Regular
Hatterene,Psychic,Fairy,57,90,95,136,103,29,82.68,11.24,Regular
Impidimp,Dark,Fairy,45,45,30,55,40,50,15.75,12.13,Regular
Morgrem,Dark,Fairy,65,60,45,75,55,70,31.5,27.56,Regular
Grimmsnarl,Dark,Fairy,95,120,65,95,75,60,59.06,134.48,Regular
Obstagoon,Dark,Normal,93,90,101,60,81,95,62.99,101.41,Regular
Perrserker,Steel,,70,110,100,50,60,50,31.5,61.73,Regular
Cursola,Ghost,,60,95,50,145,130,30,39.37,0.88,Regular
Sirfetchd,Fighting,,62,135,95,68,82,65,31.5,257.94,Regular
Mr-rime,Ice,Psychic,80,85,75,110,100,70,59.06,128.31,Regular
Runerigus,Ground,Ghost,58,95,145,50,105,30,62.99,146.83,Regular
Milcery,Fairy,,45,40,40,50,61,34,7.87,0.66,Regular
Alcremie,Fairy,,65,60,75,110,121,64,11.81,1.1,Regular
Falinks,Fighting,,65,100,100,70,60,75,118.11,136.69,Regular
Pincurchin,Electric,,48,101,95,91,85,15,11.81,2.2,Regular
Snom,Ice,Bug,30,25,35,45,30,20,11.81,8.38,Regular
Frosmoth,Ice,Bug,70,65,60,125,90,65,51.18,92.59,Regular
Stonjourner,Rock,,100,125,135,20,20,70,98.43,1146.4,Regular
Eiscue-ice,Ice,,75,80,110,65,90,50,55.12,196.21,Regular
Indeedee-male,Psychic,Normal,60,65,55,105,95,95,35.43,61.73,Regular
Morpeko-full-belly,Electric,Dark,58,95,58,70,58,97,11.81,6.61,Regular
Cufant,Steel,,72,80,49,40,49,40,47.24,220.46,Regular
Copperajah,Steel,,122,130,69,80,69,30,118.11,1433.0,Regular
Dracozolt,Electric,Dragon,90,100,90,80,70,75,70.87,418.88,Regular
Arctozolt,Electric,Ice,90,100,90,90,80,55,90.55,330.69,Regular
Dracovish,Water,Dragon,90,90,100,70,80,75,90.55,473.99,Regular
Arctovish,Water,Ice,90,90,100,80,90,55,78.74,385.81,Regular
Duraludon,Steel,Dragon,70,95,115,120,50,85,70.87,88.18,Regular
Dreepy,Dragon,Ghost,28,60,30,40,30,82,19.69,4.41,Regular
Drakloak,Dragon,Ghost,68,80,50,60,50,102,55.12,24.25,Regular
Dragapult,Dragon,Ghost,88,120,75,100,75,142,118.11,110.23,Regular
Zacian,Fairy,,92,130,115,80,115,138,110.24,242.51,Legendary
Zamazenta,Fighting,,92,130,115,80,115,138,114.17,462.97,Legendary
Eternatus,Poison,Dragon,140,85,95,145,95,130,787.4,2094.39,Legendary
Kubfu,Fighting,,60,90,60,53,50,72,23.62,26.46,Legendary
Urshifu-single-strike,Fighting,Dark,100,130,100,63,60,97,74.8,231.49,Legendary
Zarude,Dark,Grass,105,120,105,70,95,105,70.87,154.32,Regular
Regieleki,Electric,,80,100,50,100,50,200,47.24,319.67,Legendary
Regidrago,Dragon,,200,100,50,100,50,80,82.68,440.92,Legendary
Glastrier,Ice,,100,145,130,65,110,30,86.61,1763.7,Legendary
Spectrier,Ghost,,100,65,60,145,80,130,78.74,98.11,Legendary
Calyrex,Psychic,Grass,100,80,80,80,80,80,43.31,16.98,Legendary
